"hotspot_number","image_number","obs_id","side","alt_ft","sp_id_conf","age_class_conf"
1,1,1,1,964.13,"bd1","a1"
3,3,1,1,1022.05,"sp2","a1"
4,4,1,1,1016.01,"rd1","a1"
5,5,1,1,1007.24,"bd2","p2"
7,8,1,1,962.39,"rd2","a2"
9,9,1,1,996.11,"rd1","p1"
10,10,1,2,1019.35,"bd1","a1"
23,13,1,2,976.46,"rd2","p1"
15,16,1,2,1000.14,"rd2","p2"
19,20,1,2,1007.67,"bd1","a1"
21,22,1,2,1019.29,"bd1","a1"
27,26,1,3,1026.88,"bd1","a1"
24,27,1,3,1018.61,"rd2","a1"
30,31,1,3,998.92,"rd1","a1"
31,32,1,3,1043.66,"rd2","a1"
35,34,1,3,1009.6,"bd1","a1"
38,37,1,1,983.82,"bd1","a1"
44,42,1,2,993.29,"rd2","a1"
45,43,1,2,1003.3,"rd2","a1"
43,44,1,2,997.3,"rd1","a1"
48,48,1,1,1001.92,"rd1","a1"
49,49,1,1,967.91,"rd2","a2"
55,53,1,3,999.2,"bd1","a2"
56,54,1,3,968.48,"bd1","a1"
58,55,1,1,1020.1,"sp1","a1"
61,55,1,1,1020.1,"sp1","p1"
59,56,1,1,1021.03,"rd1","a1"
60,57,1,1,1023.05,"rd1","a1"
63,59,1,3,1041.62,"sp2","a1"
65,61,1,3,1008.39,"sp2","a1"
75,67,1,2,1058.41,"rd2","a2"
72,69,1,2,1047.28,"bd1","p1"
79,72,1,2,1020.41,"rd1","a1"
80,73,1,2,1028.44,"bd2","a2"
71,76,1,2,991.04,"sp3","p3"
81,77,1,3,1008.41,"bd1","p2"
82,81,1,1,821.47,"sp2","a1"
86,84,1,1,827.03,"sp3","p3"
95,85,1,2,822.96,"sp3","a3"
91,87,1,2,824.91,"rd1","a1"
94,90,1,2,829.35,"sp2","a1"
98,94,1,3,832.4,"bd1","a1"
100,95,1,3,825.01,"sp3","p2"
102,97,1,1,805.82,"sp3","p2"
106,100,1,1,1013.13,"sp3","p2"
108,102,1,1,993.84,"sp1","a1"
109,103,1,1,808.93,"bd1","a1"
110,104,1,1,811.65,"sp3","a2"
111,105,1,1,848.06,"rd2","p1"
118,107,1,2,1013.62,"sp3","p2"
119,110,1,2,854.54,"sp3","a1"
117,111,1,2,831.07,"rd2","p1"
112,112,1,2,810.3,"sp3","p2"
114,113,1,2,821.57,"sp2","a1"
121,114,1,3,1006.66,"bd2","a2"
126,117,1,3,842.08,"sp1","a1"
124,117,1,3,842.08,"sp1","p1"
123,121,1,3,819.36,"rd3","a2"
135,124,1,1,1017.6,"rd2","a1"
138,126,1,1,1018.93,"rd3","a2"
134,129,1,1,1004.68,"bd1","a1"
139,132,1,2,1015.86,"rd1","a1"
144,132,1,2,1015.86,"rd1","p1"
140,133,1,2,1015.7,"bd1","a2"
141,134,1,2,1021.16,"sp2","a1"
147,140,1,3,1015.33,"rd2","a2"
149,142,1,3,1015.99,"rd2","a1"
151,145,1,3,1033.06,"sp2","a1"
152,145,1,3,1033.06,"sp2","p1"
158,149,1,2,1005.82,"bd2","a1"
161,151,1,3,1011.61,"bd2","a2"
166,155,1,1,1000.01,"rd2","a1"
168,158,1,2,994.7,"rd2","a2"
174,159,1,2,993.99,"rd2","a1"
169,160,1,2,1002.38,"rd2","a2"
170,161,1,2,1001.51,"sp3","a1"
173,164,1,2,1002.2,"sp1","a1"
178,165,1,3,985.56,"rd1","a1"
179,166,1,3,1002.23,"bd2","a2"
183,173,1,1,974.12,"rd1","a1"
186,176,1,3,969.49,"bd2","p3"
187,177,1,3,956.96,"rd1","a1"
188,179,1,1,787.14,"rd1","a1"
191,181,1,3,981.52,"rd1","a1"
194,184,1,3,796.25,"rd2","a1"
195,185,1,1,1076.38,"rd1","a1"
199,189,1,3,1088.87,"bd1","a1"
200,190,1,1,1066.22,"rd1","a1"
206,196,1,1,1085.44,"bd1","a1"
212,199,1,1,1102.27,"rn1","a1"
214,201,1,1,1073.88,"sp3","p2"
208,204,1,1,897.9,"sp2","a1"
217,206,1,3,1089.85,"rn1","a1"
218,206,1,3,1089.85,"rn1","p1"
221,208,1,3,1109.38,"rn1","a1"
224,211,1,3,1099.48,"rn3","a2"
226,213,1,3,1080.17,"rn1","a1"
227,214,1,3,1082.39,"sp2","a1"
228,215,1,3,1069.91,"rd3","a2"
229,216,1,3,1067.37,"bd1","a1"
230,217,1,3,1061.77,"sp2","a1"
231,217,1,3,1061.77,"sp2","a1"
233,220,1,1,935.38,"rd2","a1"
239,227,1,3,933.01,"bd1","a1"
238,227,1,3,933.01,"bd1","a1"
240,228,1,3,931.41,"bd1","a1"
241,230,1,3,930.24,"bd1","a1"
251,231,1,2,961.3,"bd1","a1"
248,233,1,2,971,"sp1","a1"
250,233,1,2,971,"sp1","p1"
252,234,1,3,948.87,"bd1","a1"
254,235,1,1,1026.2,"sp2","a2"
255,236,1,1,1031.52,"sp2","a1"
258,238,1,1,1036.2,"bd3","p3"
260,240,1,1,1044.85,"rn3","a1"
263,243,1,1,1052.26,"sp2","a1"
267,245,1,1,1041.4,"sp2","a1"
268,245,1,1,1041.4,"sp2","p1"
272,247,1,1,1066.17,"rn1","a1"
274,249,1,1,1067.67,"bd3","p3"
296,253,1,2,946.55,"bd1","a1"
313,255,1,2,943.85,"rd2","a1"
297,257,1,2,1026.48,"sp2","a1"
298,258,1,2,1031.71,"rn1","a1"
300,259,1,2,1022.5,"sp1","a1"
301,260,1,2,1036.22,"sp1","a1"
303,260,1,2,1036.22,"sp1","p1"
304,261,1,2,1036.56,"sp1","a1"
306,262,1,2,1037.12,"rn1","a1"
307,263,1,2,1047.54,"rn1","a1"
308,264,1,2,1049.85,"sp1","a1"
309,264,1,2,1049.85,"sp1","p1"
312,266,1,2,1042.42,"rn1","a1"
314,267,1,2,1065.41,"sp2","a1"
315,268,1,2,1064.13,"rn1","a1"
290,268,1,2,1064.13,"rn1","p1"
277,269,1,2,1067.31,"sp2","a1"
280,271,1,2,1065.64,"bd3","a1"
292,272,1,2,1065.82,"rn1","a1"
293,274,1,2,1066.51,"sp2","a1"
282,275,1,2,1080.63,"rn3","a1"
283,276,1,2,1083.13,"rn1","a1"
285,277,1,2,1083.14,"sp2","p1"
335,283,1,3,1034.97,"sp1","a1"
336,285,1,3,1026.63,"sp2","a1"
337,286,1,3,1034.09,"rn1","a1"
338,287,1,3,1047.21,"bd2","a1"
330,289,1,3,1052.97,"sp2","a3"
340,290,1,3,1044.79,"rn2","a1"
331,290,1,3,1044.79,"rn2","p1"
317,292,1,3,1061.1,"sp2","a1"
318,292,1,3,1061.1,"sp2","p1"
320,294,1,3,1064.41,"sp2","a1"
322,296,1,3,1068.85,"sp2","a1"
323,297,1,3,1071.42,"rn1","a1"
333,298,1,3,1080.06,"bd1","a1"
325,299,1,3,1081.93,"bd1","a1"
327,300,1,3,1082.53,"sp2","p1"
353,308,1,3,874.96,"sp1","a1"
357,312,1,3,1052.28,"bd3","p3"
358,313,1,3,1046.13,"bd1","a1"
349,314,1,3,1051.25,"sp3","a1"
364,319,1,1,1023.07,"rd1","a1"
360,322,1,1,1017.58,"rd2","a1"
369,326,1,2,1026.08,"sp2","p1"
366,327,1,2,1028.42,"bd1","a1"
367,328,1,2,1026.7,"bd2","a1"
371,330,1,3,1021.19,"rd2","p1"
374,333,1,3,1020.19,"rd2","a1"
378,334,1,1,1012.24,"bd2","p2"
376,335,1,1,983.86,"bd2","a2"
379,337,1,3,1011.18,"bd2","p2"
380,338,1,3,1009.33,"rd3","a3"
381,339,1,3,987.78,"bd1","a1"
382,340,1,1,1023.53,"sp2","a1"
383,341,1,1,1043.75,"bd2","p3"
384,342,1,1,1042.15,"rd3","p2"
389,345,1,2,1031.34,"rd3","p3"
388,346,1,2,1042.02,"bd1","a1"
394,349,1,2,970.65,"rd1","a1"
397,354,1,3,1010.53,"rd2","a1"
398,355,1,3,1011.91,"rd3","p2"
399,356,1,3,1013.71,"rd1","a1"
400,358,1,1,1019.17,"rd1","a1"
401,359,1,1,1023.67,"rd1","a1"
404,362,1,1,1024.23,"rd1","a1"
407,363,1,1,1025.94,"rd3","a2"
406,365,1,1,1023.68,"rd2","a1"
413,366,1,2,960.16,"rd1","a2"
431,367,1,2,1014.91,"rd1","a2"
409,369,1,2,1015.99,"rd1","a1"
410,370,1,2,1019.64,"rd2","a2"
415,373,1,2,1018.16,"rd2","a2"
414,373,1,2,1018.16,"rd1","a1"
421,379,1,2,1026.31,"rd1","a1"
423,381,1,2,1024.01,"rd1","a1"
424,382,1,2,1023.06,"rd1","a1"
425,383,1,2,1028.05,"rd2","a1"
426,384,1,2,1024.36,"rd1","a1"
429,387,1,2,1023.93,"rd1","a1"
433,391,1,2,1022.3,"bd3","p3"
434,392,1,2,1023.09,"bd2","p2"
439,396,1,3,1023.71,"bd3","a1"
443,399,1,2,1007.21,"bd1","a1"
444,400,1,1,964.18,"bd1","a1"
447,403,1,3,952.26,"sp3","a2"
448,404,1,3,1020.1,"bd1","a1"
449,405,1,3,982.66,"bd1","a1"
451,406,1,1,1029.67,"rd3","p2"
450,407,1,1,1080.69,"rd3","p3"
454,409,1,1,998.36,"rd1","a1"
453,411,1,1,1015.73,"bd1","a1"
455,412,1,1,1007.16,"bd1","a1"
461,414,1,2,996.81,"rd2","a1"
458,416,1,2,1004.88,"rd1","a1"
465,418,1,3,1007.44,"bd2","a2"
462,419,1,3,997.48,"rd1","a1"
463,420,1,3,1008.34,"rd1","a1"
464,421,1,3,1007.77,"bd1","a1"
468,422,1,1,990.15,"bd2","p2"
470,426,1,2,986.2,"bd1","a1"
471,427,1,3,992.67,"rd1","a1"
474,430,1,3,890.41,"rd1","a1"
480,436,1,3,994.9,"sp3","a3"
482,438,1,3,808.92,"rd2","a1"
485,439,1,2,971.22,"rd1","a1"
483,440,1,2,922.71,"bd1","p2"
484,441,1,2,NA,"sp3","a1"
486,442,1,3,936,"rd2","a1"
490,446,1,1,801.14,"bd1","a1"
494,447,1,2,913.78,"sp3","a2"
493,450,1,2,993.92,"rd1","a1"
495,452,1,3,1035.52,"rd1","a1"
498,455,1,3,997.69,"rd1","a1"
499,456,1,3,997.38,"rd1","a1"
508,460,1,1,1099.43,"rn3","a2"
505,462,1,1,1067.58,"bd1","a1"
506,463,1,1,1060.52,"bd3","a1"
509,464,1,2,1088.78,"rn1","a1"
511,466,1,2,1108.99,"rd3","a3"
512,467,1,2,1076.34,"rn1","a1"
514,469,1,2,1065.53,"sp2","a1"
517,469,1,2,1065.53,"sp2","a1"
515,470,1,2,1044.56,"bd1","a1"
516,471,1,2,1051,"bd1","a1"
523,477,1,3,1071.94,"sp2","a2"
524,478,1,3,1071.62,"rn3","a1"
546,482,1,1,978.14,"bd1","a1"
551,483,1,1,976.64,"bd3","a2"
525,485,1,1,979.45,"rd1","a1"
527,486,1,1,1005.82,"rd2","a1"
528,486,1,1,1005.82,"rd2","a1"
529,486,1,1,1005.82,"rd2","a1"
531,488,1,1,1002.46,"rd1","a1"
532,489,1,1,1003.31,"rd1","a1"
533,489,1,1,1003.31,"rd2","a1"
537,493,1,1,1008.24,"rd1","a1"
541,497,1,1,1000.37,"rd1","a1"
543,498,1,1,985.44,"rd1","a1"
545,500,1,1,912.3,"rd1","a1"
569,501,1,1,817.66,"bd1","a1"
553,506,1,1,852.08,"bd1","a1"
555,508,1,1,791.98,"bd3","p3"
560,512,1,1,1005.78,"bd1","a1"
561,513,1,1,1006.02,"bd1","a1"
562,514,1,1,1007.01,"bd1","a1"
566,518,1,1,1018.75,"rd2","a1"
567,519,1,1,1019.31,"bd2","a1"
583,520,1,2,978.63,"rd1","a1"
586,521,1,2,978.16,"bd2","a1"
601,522,1,2,975.22,"bd1","a1"
624,524,1,2,979.31,"rd1","a1"
587,526,1,2,1003,"rd1","a1"
590,529,1,2,1009.87,"rd2","a1"
591,530,1,2,1010.8,"rd2","a1"
593,533,1,2,1010.38,"rd1","a1"
594,534,1,2,1006.44,"rd3","a2"
597,537,1,2,996.8,"bd1","a1"
575,542,1,2,992.74,"bd1","a1"
605,545,1,2,986.16,"bd1","a1"
607,546,1,2,1001.87,"bd1","a1"
608,547,1,2,999.51,"bd2","p3"
612,551,1,2,1017.71,"rd2","a1"
577,554,1,2,1020.06,"rd1","a1"
618,557,1,2,825.01,"bd1","a1"
620,560,1,2,928.14,"bd1","a1"
621,561,1,2,931.3,"bd1","a1"
582,565,1,2,981.48,"bd1","a1"
626,567,1,2,999.76,"bd1","a1"
571,568,1,2,1009.74,"bd1","a1"
572,569,1,2,1010.07,"bd1","a1"
573,570,1,2,1015.55,"bd1","a1"
646,573,1,3,977.22,"rd1","a1"
627,575,1,3,976.23,"bd2","a1"
631,577,1,3,974.42,"bd1","a1"
644,579,1,3,982.12,"rd1","a1"
645,580,1,3,980.65,"rd1","a1"
650,584,1,3,1010.38,"bd1","a1"
652,586,1,3,1009.8,"rd1","a1"
653,587,1,3,1010.17,"bd1","a1"
656,590,1,3,999.34,"bd1","a1"
657,591,1,3,995.59,"bd1","a1"
658,592,1,3,994.85,"bd1","a1"
664,597,1,3,984.39,"bd1","a1"
663,597,1,3,984.39,"bd1","a1"
665,598,1,3,1019.39,"bd1","a1"
640,599,1,3,1020.02,"bd1","a1"
666,600,1,3,1018.44,"bd1","a1"
667,601,1,3,1018.55,"bd1","a1"
668,602,1,3,1018.61,"bd1","a1"
669,603,1,3,1018.22,"bd1","a1"
670,604,1,3,1022.05,"rd1","a1"
671,606,1,3,920.32,"rd1","a1"
675,610,1,3,823.15,"bd1","a1"
642,611,1,3,926.48,"bd1","a1"
630,614,1,3,1008.5,"bd1","a1"
633,615,1,3,1014.52,"bd1","a1"
635,617,1,3,1018.25,"bd2","a1"
636,618,1,3,1018.85,"bd1","a1"
637,619,1,3,1019.05,"rd1","a1"
680,623,1,1,1004.94,"bd3","a1"
685,624,1,2,957.33,"bd1","a1"
684,625,1,2,998.46,"bd1","a1"
687,633,1,3,1001.87,"bd1","a1"
688,634,1,3,991.66,"rd1","a1"
2,2,2,1,971.43,"rd1","a1"
3,3,2,1,1022.05,"sp3","a1"
8,7,2,1,971.52,"rd2","p1"
12,12,2,2,1007.62,"bd2","p3"
15,16,2,2,1000.14,"rd2","p3"
16,17,2,2,1006.59,"rd2","a2"
17,18,2,2,973.53,"rd1","a1"
18,19,2,2,990.76,"bd1","a1"
22,20,2,2,1007.67,"bd1","p1"
21,22,2,2,1019.29,"bd1","a1"
28,23,2,3,1018.07,"rd1","a2"
24,27,2,3,1018.61,"rd2","a2"
25,28,2,3,1013.73,"bd1","a2"
29,30,2,3,1026.86,"bd1","a1"
30,31,2,3,998.92,"rd2","a1"
34,33,2,3,1011.48,"bd1","a1"
37,36,2,3,993.33,"bd3","p3"
40,39,2,1,984.24,"rd1","a1"
41,40,2,1,970,"rd1","a1"
42,41,2,1,1002.9,"rd2","a1"
43,44,2,2,997.3,"rd2","a1"
47,46,2,2,964.76,"bd1","a2"
51,47,2,1,1007.36,"bd1","a1"
48,48,2,1,1001.92,"rd1","a1"
52,50,2,2,984.67,"bd1","p2"
53,51,2,2,996.9,"bd1","a1"
54,52,2,3,998.13,"rd2","a2"
55,53,2,3,999.2,"bd1","a2"
56,54,2,3,968.48,"bd1","a1"
57,55,2,1,1020.1,"sp1","a1"
58,55,2,1,1020.1,"sp1","a1"
59,56,2,1,1021.03,"rd2","a1"
60,57,2,1,1023.05,"rd1","a1"
63,59,2,3,1041.62,"sp2","a1"
65,61,2,3,1008.39,"sp1","a1"
67,62,2,1,1058.18,"bd2","p3"
66,64,2,1,1013.12,"rd2","p3"
74,66,2,2,1026.5,"rd1","a2"
76,68,2,2,1055.69,"rd2","a2"
77,70,2,2,1027.16,"rd2","a2"
78,71,2,2,1046.56,"bd1","a1"
79,72,2,2,1020.41,"rd2","a1"
80,73,2,2,1028.44,"bd2","a1"
69,74,2,2,1029.74,"bd3","a2"
70,75,2,2,1336.92,"rd3","p2"
81,77,2,3,1008.41,"bd2","p3"
87,78,2,1,824.02,"rd2","p2"
89,80,2,1,828.25,"sp3","a1"
85,83,2,1,827.55,"sp2","a1"
86,84,2,1,827.03,"rd3","a3"
90,86,2,2,825.38,"bd1","a1"
91,87,2,2,824.91,"rd1","a1"
92,88,2,2,836.37,"bd1","a1"
93,89,2,2,828.85,"rd2","a1"
94,90,2,2,829.35,"sp2","a2"
99,92,2,3,824.32,"bd1","a1"
97,93,2,3,834.04,"bd1","a1"
101,96,2,1,810.71,"rd3","a2"
113,108,2,2,1017.79,"rd1","a1"
115,109,2,2,1006.95,"sp3","a2"
116,110,2,2,854.54,"rd3","p2"
112,112,2,2,810.3,"rd2","a2"
127,118,2,3,855.02,"rd3","a2"
120,120,2,3,834.32,"rd2","a2"
135,124,2,1,1017.6,"rd2","a1"
146,131,2,2,1020.2,"bd1","a1"
145,135,2,2,1004.56,"rd2","p3"
142,136,2,2,1014.81,"rd2","a1"
154,138,2,3,1023.94,"sp1","a1"
156,139,2,3,1016.22,"bd1","a1"
147,140,2,3,1015.33,"rn3","a2"
148,141,2,3,1021.53,"bd1","a1"
151,145,2,3,1033.06,"sp3","a1"
152,145,2,3,1033.06,"sp3","p1"
157,147,2,1,999.78,"bd2","p2"
158,149,2,2,1005.82,"bd3","p3"
161,151,2,3,1011.61,"bd1","a1"
164,153,2,1,1001.06,"rd3","a2"
165,154,2,1,1001.07,"sp1","a1"
167,156,2,1,997.83,"rd2","a1"
162,157,2,1,1007.59,"bd3","p3"
168,158,2,2,994.7,"rd3","a2"
170,161,2,2,1001.51,"rn2","a1"
171,162,2,2,1001.55,"sp1","a1"
178,165,2,3,985.56,"rd2","a2"
179,166,2,3,1002.23,"bd1","a1"
181,168,2,3,998.62,"sp1","a1"
182,169,2,3,999.17,"rd2","a2"
176,171,2,3,990.27,"rn3","a2"
177,172,2,3,983.13,"rn2","a1"
184,174,2,2,980.81,"rd1","a1"
190,178,2,1,773.16,"rd1","a1"
188,179,2,1,787.14,"rd2","a1"
189,180,2,1,785.2,"rd1","a1"
192,183,2,2,1070.95,"rd2","a1"
196,186,2,2,1070.72,"rd3","a2"
197,187,2,2,1084.6,"rd1","a1"
200,190,2,1,1066.22,"rd1","a1"
203,193,2,3,1073.61,"rd1","a1"
205,195,2,3,1027.04,"bd1","a1"
209,197,2,1,1085.62,"sp3","p3"
210,198,2,1,1088.91,"sp1","a1"
212,199,2,1,1102.27,"rn1","a1"
207,203,2,1,900.71,"rd2","a2"
208,204,2,1,897.9,"bd2","a2"
216,205,2,3,1083.64,"bd1","a1"
217,206,2,3,1089.85,"rn3","a1"
218,206,2,3,1089.85,"rn3","p1"
219,207,2,3,1109.36,"sp2","a1"
221,208,2,3,1109.38,"rn1","a1"
223,210,2,3,1108.38,"bd2","a2"
224,211,2,3,1099.48,"rn2","a2"
225,212,2,3,1081.3,"sp1","a1"
226,213,2,3,1080.17,"rn2","a1"
229,216,2,3,1067.37,"bd2","a2"
230,217,2,3,1061.77,"sp1","a1"
237,221,2,2,933.36,"bd2","a2"
236,223,2,2,936.88,"bd2","a2"
245,225,2,3,916.68,"sp2","p1"
246,226,2,3,928.83,"bd2","a1"
238,227,2,3,933.01,"bd1","a1"
240,228,2,3,931.41,"bd1","a1"
241,230,2,3,930.24,"bd1","a1"
251,231,2,2,961.3,"bd1","a1"
247,232,2,2,949.31,"bd1","a1"
249,233,2,2,971,"sp3","a2"
256,236,2,1,1031.52,"sp2","a1"
258,238,2,1,1036.2,"sp2","a1"
259,239,2,1,1038.89,"bd3","p3"
260,240,2,1,1044.85,"rn3","a2"
265,244,2,1,1049.1,"sp1","a1"
266,244,2,1,1049.1,"sp1","p1"
267,245,2,1,1041.4,"sp2","a1"
269,246,2,1,1062.16,"sp2","a1"
271,246,2,1,1062.16,"sp2","a1"
270,246,2,1,1062.16,"sp2","p1"
272,247,2,1,1066.17,"rn2","a1"
273,248,2,1,1065.12,"bd2","p1"
274,249,2,1,1067.67,"rd3","a2"
276,251,2,1,1079.33,"bd1","a1"
305,254,2,2,943.55,"bd2","p2"
294,256,2,2,1034.24,"sp3","a1"
298,258,2,2,1031.71,"rn2","a1"
299,259,2,2,1022.5,"sp2","a1"
302,260,2,2,1036.22,"sp1","a1"
306,262,2,2,1037.12,"rn1","a1"
307,263,2,2,1047.54,"rn1","a1"
312,266,2,2,1042.42,"rn1","a1"
315,268,2,2,1064.13,"rn2","a1"
290,268,2,2,1064.13,"rn2","p1"
278,269,2,2,1067.31,"bd3","p3"
280,271,2,2,1065.64,"rd1","a1"
292,272,2,2,1065.82,"rn1","a1"
282,275,2,2,1080.63,"rd3","a2"
283,276,2,2,1083.13,"rn1","a1"
285,277,2,2,1083.14,"sp3","p3"
291,280,2,2,1088.78,"sp2","p1"
335,283,2,3,1034.97,"sp1","a1"
328,284,2,3,1025.7,"rd3","a2"
336,285,2,3,1026.63,"sp2","a1"
337,286,2,3,1034.09,"rn1","a1"
338,287,2,3,1047.21,"bd2","a2"
329,288,2,3,1048.17,"bd1","p1"
340,290,2,3,1044.79,"rn1","a1"
331,290,2,3,1044.79,"rn1","p1"
317,292,2,3,1061.1,"rd3","a1"
318,292,2,3,1061.1,"rd3","p1"
320,294,2,3,1064.41,"sp1","a1"
322,296,2,3,1068.85,"rd2","a2"
323,297,2,3,1071.42,"rn3","a2"
324,299,2,3,1081.93,"bd1","a1"
326,300,2,3,1082.53,"sp2","a1"
327,300,2,3,1082.53,"sp2","p2"
345,304,2,1,1036.4,"bd1","a1"
346,305,2,1,1050.15,"rd2","a1"
348,307,2,2,1043.19,"bd1","a1"
356,311,2,3,1042.89,"bd1","a1"
349,314,2,3,1051.25,"rd2","a2"
364,319,2,1,1023.07,"rd1","a1"
359,320,2,1,1029.79,"rd1","a1"
360,322,2,1,1017.58,"rd1","a1"
370,324,2,2,1014.75,"rd1","a1"
366,327,2,2,1028.42,"bd1","a1"
375,329,2,3,1027.09,"rd3","a3"
372,331,2,3,1019.15,"bd3","p3"
374,333,2,3,1020.19,"rd2","a1"
378,334,2,1,1012.24,"bd2","p2"
377,336,2,1,1019.56,"bd2","p2"
381,339,2,3,987.78,"bd1","a1"
383,341,2,1,1043.75,"bd2","p3"
384,342,2,1,1042.15,"rd3","a3"
386,344,2,2,1027.08,"bd1","a1"
387,345,2,2,1031.34,"rd2","a2"
389,345,2,2,1031.34,"rd2","p2"
395,350,2,2,1010.77,"rd1","a1"
398,355,2,3,1011.91,"rd3","p3"
408,357,2,1,1018.18,"rd1","a1"
400,358,2,1,1019.17,"rd1","a1"
404,362,2,1,1024.23,"rd2","a1"
407,363,2,1,1025.94,"rd2","a2"
405,364,2,1,1024.6,"bd1","a1"
431,367,2,2,1014.91,"rd2","a2"
435,368,2,2,1018.84,"rd3","p2"
409,369,2,2,1015.99,"rd1","a1"
411,371,2,2,1018.75,"rd2","a2"
412,372,2,2,1017.46,"rd2","a1"
416,374,2,2,1020.68,"rd2","a2"
417,375,2,2,1022.13,"rd2","a2"
426,384,2,2,1024.36,"rd1","a1"
427,385,2,2,1023.36,"rd1","a1"
430,388,2,2,1025.73,"rd1","a1"
436,389,2,2,1025.74,"rd2","a2"
433,391,2,2,1022.3,"bd3","p3"
437,394,2,3,1018.94,"rd2","a1"
442,398,2,1,1014.51,"sp2","a1"
449,405,2,3,982.66,"bd1","a1"
455,412,2,1,1007.16,"bd1","a1"
457,415,2,2,998.05,"rd2","a1"
458,416,2,2,1004.88,"rd2","a1"
459,417,2,2,1009.13,"bd2","a2"
466,423,2,1,983.91,"bd1","a1"
471,427,2,3,992.67,"rd1","a1"
472,428,2,1,911.56,"rd1","a1"
473,429,2,2,892.26,"rd3","a2"
478,434,2,2,814.96,"bd2","p3"
479,435,2,3,1014.2,"rd1","a1"
481,437,2,3,986.73,"rd2","a1"
483,440,2,2,922.71,"rd3","a2"
487,443,2,3,947.05,"bd2","p3"
488,444,2,1,978.75,"bd2","a2"
494,447,2,2,913.78,"rd3","a2"
492,449,2,2,989.71,"rd2","a1"
493,450,2,2,993.92,"rd1","a1"
500,451,2,3,910,"rd1","a1"
501,458,2,1,1092.64,"rd3","a2"
502,459,2,1,1094.1,"bd1","a1"
506,463,2,1,1060.52,"rd2","a2"
509,464,2,2,1088.78,"rn1","a1"
510,465,2,2,1102.32,"bd1","a1"
512,467,2,2,1076.34,"rn1","a1"
514,469,2,2,1065.53,"sp3","a2"
517,469,2,2,1065.53,"sp3","a2"
515,470,2,2,1044.56,"bd1","a1"
519,473,2,3,1102.94,"sp1","a1"
520,474,2,3,1075.5,"bd1","a1"
522,476,2,3,1076.39,"sp3","a2"
524,478,2,3,1071.62,"rn3","a2"
550,479,2,1,976.2,"bd1","a1"
568,480,2,1,978.86,"bd1","a1"
546,482,2,1,978.14,"bd1","a1"
525,485,2,1,979.45,"rd1","a1"
526,486,2,1,1005.82,"rd2","a1"
528,486,2,1,1005.82,"rd2","a1"
531,488,2,1,1002.46,"rd1","a1"
532,489,2,1,1003.31,"rn3","a2"
534,490,2,1,1003.81,"rd3","a2"
536,492,2,1,1002.37,"rd1","a1"
537,493,2,1,1008.24,"rd2","a1"
538,494,2,1,1012.43,"rd2","a1"
541,497,2,1,1000.37,"rd1","a1"
547,502,2,1,821.34,"bd1","a1"
554,507,2,1,790.48,"bd1","a1"
556,509,2,1,798.58,"bd1","a1"
563,515,2,1,1014.29,"sp2","a1"
564,516,2,1,1017.99,"rd2","a2"
565,517,2,1,1018.93,"rd3","a1"
566,518,2,1,1018.75,"rd3","a1"
570,518,2,1,1018.75,"rd2","a2"
567,519,2,1,1019.31,"bd2","a2"
601,522,2,2,975.22,"bd1","a1"
624,524,2,2,979.31,"rd1","a1"
584,525,2,2,1000.64,"rd1","a1"
587,526,2,2,1003,"rd2","a2"
588,527,2,2,1001.61,"rd1","a1"
589,528,2,2,1008.25,"rd1","a1"
593,533,2,2,1010.38,"rd2","a1"
595,535,2,2,1006.58,"rd1","a1"
606,545,2,2,986.16,"bd2","a2"
607,546,2,2,1001.87,"bd1","a1"
609,548,2,2,1010.83,"bd1","a1"
577,554,2,2,1020.06,"rd1","a1"
616,556,2,2,913.85,"rd1","a1"
618,557,2,2,825.01,"bd2","p3"
620,560,2,2,928.14,"bd2","a2"
621,561,2,2,931.3,"bd2","a2"
622,562,2,2,929.34,"bd1","a1"
579,566,2,2,977.45,"bd1","a1"
626,567,2,2,999.76,"bd2","a2"
646,573,2,3,977.22,"rd3","a2"
649,574,2,3,978.88,"bd1","a1"
629,576,2,3,974.4,"bd1","a2"
638,576,2,3,974.4,"bd2","a2"
631,577,2,3,974.42,"bd1","a2"
647,581,2,3,1002.73,"rd2","a2"
648,582,2,3,1005.52,"rd2","a2"
650,584,2,3,1010.38,"bd1","a1"
651,585,2,3,1013.36,"bd1","a1"
657,591,2,3,995.59,"bd1","a1"
659,593,2,3,994.14,"bd1","a1"
661,595,2,3,988.7,"bd1","a1"
664,597,2,3,984.39,"bd2","a2"
667,601,2,3,1018.55,"bd1","a1"
668,602,2,3,1018.61,"bd2","a2"
641,605,2,3,1008.15,"bd1","a1"
671,606,2,3,920.32,"rd2","a1"
672,607,2,3,816.58,"bd1","a1"
675,610,2,3,823.15,"bd1","a1"
628,613,2,3,994.12,"bd1","a1"
633,615,2,3,1014.52,"bd1","a1"
634,616,2,3,1017.09,"bd1","a1"
636,618,2,3,1018.85,"sp3","a2"
677,620,2,1,981.72,"rd3","a2"
679,623,2,1,1004.94,"rd2","a1"
685,624,2,2,957.33,"bd1","a1"
682,626,2,2,1002.68,"rd2","a2"
683,627,2,2,999.75,"rd1","a1"
690,630,2,3,1007.04,"bd1","a1"
691,631,2,3,1006.02,"rd3","a2"
4,4,7,1,1016.01,"rd1","a1"
5,5,7,1,1007.24,"bd2","p2"
6,6,7,1,960.59,"rd3","p2"
8,7,7,1,971.52,"rd1","p1"
9,9,7,1,996.11,"rd1","p1"
10,10,7,2,1019.35,"bd2","a1"
23,13,7,2,976.46,"rd1","p1"
17,18,7,2,973.53,"rd1","a1"
19,20,7,2,1007.67,"bd1","a1"
22,20,7,2,1007.67,"bd1","p1"
28,23,7,3,1018.07,"rd1","a2"
33,25,7,3,1020.61,"rd1","a1"
24,27,7,3,1018.61,"rd2","a1"
26,29,7,3,1017.65,"rd2","a2"
29,30,7,3,1026.86,"bd1","a1"
30,31,7,3,998.92,"rd2","a1"
34,33,7,3,1011.48,"bd1","a1"
36,35,7,3,992.14,"rd2","a1"
37,36,7,3,993.33,"bd1","p2"
38,37,7,1,983.82,"bd1","a1"
39,38,7,1,1001.03,"rd3","p1"
40,39,7,1,984.24,"rd1","a1"
44,42,7,2,993.29,"rd1","a1"
45,43,7,2,1003.3,"rd2","a1"
47,46,7,2,964.76,"bd1","a2"
50,47,7,1,1007.36,"bd1","a1"
54,52,7,3,998.13,"rd3","a2"
57,55,7,1,1020.1,"sp1","a1"
59,56,7,1,1021.03,"rd2","a1"
60,57,7,1,1023.05,"rd2","a1"
62,58,7,2,1026.3,"rd3","p3"
68,63,7,1,1014.77,"bd1","p2"
73,65,7,2,1018.2,"rd3","a2"
76,68,7,2,1055.69,"rd3","a2"
72,69,7,2,1047.28,"bd1","p1"
78,71,7,2,1046.56,"bd1","a1"
80,73,7,2,1028.44,"bd3","p3"
70,75,7,2,1336.92,"rd3","p1"
71,76,7,2,991.04,"rd3","p1"
82,81,7,1,821.47,"sp3","a1"
83,82,7,1,833.72,"sp3","p2"
84,83,7,1,827.55,"sp1","a1"
95,85,7,2,822.96,"sp3","a2"
93,89,7,2,828.85,"rd2","a1"
96,91,7,2,822.48,"bd1","a1"
101,96,7,1,810.71,"sp3","a1"
102,97,7,1,805.82,"rd3","p1"
103,98,7,1,803.79,"rd3","a2"
104,99,7,2,816.87,"rd3","p1"
107,101,7,1,1002.66,"bd1","a2"
105,106,7,1,811.05,"bd1","a1"
118,107,7,2,1013.62,"sp3","p1"
113,108,7,2,1017.79,"rd1","a1"
119,110,7,2,854.54,"sp2","a1"
112,112,7,2,810.3,"sp3","p2"
114,113,7,2,821.57,"sp1","a1"
121,114,7,3,1006.66,"bd3","a2"
127,118,7,3,855.02,"sp2","a1"
128,119,7,3,830.76,"sp2","p1"
129,122,7,1,1027.58,"sp1","a1"
130,122,7,1,1027.58,"sp1","a1"
137,125,7,1,1019.49,"sp3","a2"
131,127,7,1,1015.42,"rd3","a1"
133,128,7,1,1030.99,"rd2","a1"
136,130,7,1,1009.17,"rd1","p2"
145,135,7,2,1004.56,"rd1","p1"
142,136,7,2,1014.81,"rd1","a1"
147,140,7,3,1015.33,"rd3","a2"
150,144,7,3,1015.68,"bd2","a2"
151,145,7,3,1033.06,"rd3","a1"
152,145,7,3,1033.06,"rd3","p1"
161,151,7,3,1011.61,"bd3","p3"
163,152,7,1,1002.85,"rd1","a1"
167,156,7,1,997.83,"rd1","a1"
168,158,7,2,994.7,"rd3","a1"
169,160,7,2,1002.38,"rd1","a1"
170,161,7,2,1001.51,"rd3","a1"
171,162,7,2,1001.55,"sp1","a1"
179,166,7,3,1002.23,"sp2","a1"
181,168,7,3,998.62,"sp1","a1"
182,169,7,3,999.17,"rd2","a2"
175,170,7,3,990.36,"rd3","a2"
187,177,7,3,956.96,"rd2","a1"
191,181,7,3,981.52,"rd1","a2"
200,190,7,1,1066.22,"rd1","a1"
202,192,7,2,1060.34,"rd1","a1"
203,193,7,3,1073.61,"rd1","a1"
206,196,7,1,1085.44,"bd1","a1"
212,199,7,1,1102.27,"rn1","a1"
213,200,7,1,1098.18,"rd3","a2"
215,202,7,1,1047.12,"bd1","a1"
217,206,7,3,1089.85,"rn1","a1"
218,206,7,3,1089.85,"rn2","p1"
219,207,7,3,1109.36,"sp1","a1"
220,207,7,3,1109.36,"sp1","a1"
221,208,7,3,1109.38,"rn1","a1"
222,209,7,3,1111.81,"bd2","a1"
224,211,7,3,1099.48,"rn2","a2"
226,213,7,3,1080.17,"rn1","a1"
227,214,7,3,1082.39,"sp1","a1"
229,216,7,3,1067.37,"bd2","a1"
234,218,7,1,916.29,"bd1","p2"
233,220,7,1,935.38,"rd1","a1"
237,221,7,2,933.36,"bd2","a2"
241,230,7,3,930.24,"bd1","a1"
247,232,7,2,949.31,"bd1","a1"
248,233,7,2,971,"sp1","a1"
250,233,7,2,971,"sp1","p1"
257,237,7,1,1032.45,"sp3","p1"
258,238,7,1,1036.2,"sp2","a1"
259,239,7,1,1038.89,"sp3","a1"
260,240,7,1,1044.85,"rn3","a1"
265,244,7,1,1049.1,"sp1","a1"
269,246,7,1,1062.16,"sp1","a1"
272,247,7,1,1066.17,"rn1","a1"
273,248,7,1,1065.12,"sp3","p1"
274,249,7,1,1067.67,"sp3","a2"
253,252,7,1,1082.55,"sp3","p1"
296,253,7,2,946.55,"bd1","a1"
313,255,7,2,943.85,"rd3","a1"
294,256,7,2,1034.24,"sp1","a1"
295,256,7,2,1034.24,"sp1","a1"
298,258,7,2,1031.71,"rn2","a1"
300,259,7,2,1022.5,"sp1","a1"
304,261,7,2,1036.56,"sp1","a1"
306,262,7,2,1037.12,"rn1","a1"
307,263,7,2,1047.54,"rn1","a1"
310,264,7,2,1049.85,"sp1","a1"
311,265,7,2,1048.59,"sp2","a1"
312,266,7,2,1042.42,"rn1","a1"
314,267,7,2,1065.41,"rd3","a2"
315,268,7,2,1064.13,"rn2","a1"
290,268,7,2,1064.13,"rn2","p1"
280,271,7,2,1065.64,"sp3","a2"
292,272,7,2,1065.82,"rn1","a1"
281,273,7,2,1066.87,"sp2","a1"
293,274,7,2,1066.51,"sp2","a1"
282,275,7,2,1080.63,"rn3","a1"
283,276,7,2,1083.13,"rn1","a1"
284,277,7,2,1083.14,"sp3","a1"
286,278,7,2,1083.78,"sp2","a1"
288,280,7,2,1088.78,"sp1","a1"
316,281,7,3,947.69,"rd1","p1"
337,286,7,3,1034.09,"rn1","a1"
338,287,7,3,1047.21,"rn3","a1"
329,288,7,3,1048.17,"bd1","p1"
339,289,7,3,1052.97,"sp1","a1"
330,289,7,3,1052.97,"sp1","a1"
340,290,7,3,1044.79,"rn2","a1"
331,290,7,3,1044.79,"rn2","p1"
341,291,7,3,1044.21,"rd3","a1"
321,295,7,3,1066.55,"sp2","a1"
322,296,7,3,1068.85,"sp2","a1"
323,297,7,3,1071.42,"rn1","a1"
332,299,7,3,1081.93,"bd1","a1"
324,299,7,3,1081.93,"bd1","a1"
343,302,7,1,888.21,"bd1","a1"
344,303,7,1,1045.32,"bd1","a1"
345,304,7,1,1036.4,"bd1","a1"
346,305,7,1,1050.15,"rd2","a2"
347,306,7,2,1050.15,"rd2","a1"
354,309,7,3,798.12,"bd1","a1"
355,310,7,3,824.41,"bd1","a1"
356,311,7,3,1042.89,"bd1","a1"
357,312,7,3,1052.28,"sp3","a2"
350,315,7,3,1046.65,"bd1","a1"
351,316,7,3,1053.1,"bd1","p1"
363,317,7,1,1070.09,"rd1","a1"
361,318,7,1,1088.46,"rd2","a2"
360,322,7,1,1017.58,"rd1","a1"
370,324,7,2,1014.75,"rd1","a1"
365,325,7,2,1020.8,"rd2","p1"
367,328,7,2,1026.7,"bd1","a1"
371,330,7,3,1021.19,"rd1","p1"
373,332,7,3,1023.13,"bd1","a1"
374,333,7,3,1020.19,"rd2","a1"
383,341,7,1,1043.75,"bd1","p1"
386,344,7,2,1027.08,"bd1","a1"
389,345,7,2,1031.34,"rd2","p2"
390,347,7,3,1036.82,"bd1","p2"
394,349,7,2,970.65,"rd1","a1"
395,350,7,2,1010.77,"rd1","a1"
392,351,7,2,999.71,"rd1","a1"
393,352,7,2,1000.12,"rd1","a1"
396,353,7,3,967.04,"rd1","a1"
399,356,7,3,1013.71,"rd1","a1"
408,357,7,1,1018.18,"rd1","a1"
400,358,7,1,1019.17,"rd1","a1"
401,359,7,1,1023.67,"rd1","a1"
402,360,7,1,1023.64,"rd1","a1"
403,361,7,1,1023.62,"rd1","a1"
405,364,7,1,1024.6,"bd1","a1"
435,368,7,2,1018.84,"rd1","p1"
409,369,7,2,1015.99,"rd1","a1"
410,370,7,2,1019.64,"bd2","a1"
412,372,7,2,1017.46,"rd1","a1"
414,373,7,2,1018.16,"rd1","a1"
416,374,7,2,1020.68,"rd1","a2"
420,378,7,2,1024.73,"rd1","p2"
421,379,7,2,1026.31,"rd1","a1"
422,380,7,2,1023.25,"rd1","a1"
430,388,7,2,1025.73,"rd1","a1"
432,390,7,2,1020.17,"bd1","a2"
434,392,7,2,1023.09,"bd1","p1"
442,398,7,1,1014.51,"sp1","a1"
444,400,7,1,964.18,"bd1","a1"
445,401,7,1,963.36,"bd1","p2"
450,407,7,1,1080.69,"rd1","p2"
452,408,7,1,995.93,"rd1","a1"
456,410,7,1,1004.65,"rd2","p1"
453,411,7,1,1015.73,"bd1","a1"
455,412,7,1,1007.16,"bd1","a1"
457,415,7,2,998.05,"rd1","a1"
465,418,7,3,1007.44,"bd2","a1"
462,419,7,3,997.48,"rd1","a1"
464,421,7,3,1007.77,"bd1","a1"
466,423,7,1,983.91,"bd1","a1"
467,424,7,1,982.67,"bd1","a1"
469,425,7,2,992.57,"rd2","a1"
475,431,7,1,983.14,"rd2","a1"
477,432,7,1,824.55,"bd1","a1"
478,434,7,2,814.96,"bd1","p2"
479,435,7,3,1014.2,"rd1","a1"
483,440,7,2,922.71,"bd1","p1"
486,442,7,3,936,"rd1","a1"
489,445,7,3,921.88,"rd1","a1"
494,447,7,2,913.78,"sp3","a2"
500,451,7,3,910,"rd1","a1"
496,453,7,3,990,"rd1","a1"
497,454,7,3,985.26,"rd1","a1"
498,455,7,3,997.69,"rd1","a1"
499,456,7,3,997.38,"rd1","a1"
501,458,7,1,1092.64,"rd1","a1"
502,459,7,1,1094.1,"bd1","a1"
506,463,7,1,1060.52,"rd2","a1"
509,464,7,2,1088.78,"rn1","a1"
511,466,7,2,1108.99,"rd3","a2"
512,467,7,2,1076.34,"rn1","a1"
513,468,7,2,1067.33,"sp3","a1"
516,471,7,2,1051,"bd1","a1"
519,473,7,3,1102.94,"sp1","a1"
520,474,7,3,1075.5,"bd1","a1"
521,475,7,3,1074.68,"rd3","a1"
523,477,7,3,1071.94,"sp1","a1"
524,478,7,3,1071.62,"rn3","a1"
568,480,7,1,978.86,"bd1","a1"
542,481,7,1,977.89,"sp3","a1"
527,486,7,1,1005.82,"rd1","a1"
530,487,7,1,1002.53,"rd1","a1"
532,489,7,1,1003.31,"rd1","a1"
533,489,7,1,1003.31,"rd1","a1"
535,491,7,1,1002.97,"rd1","a1"
539,495,7,1,1007.76,"rd3","a2"
540,496,7,1,1005.12,"rd1","a1"
544,499,7,1,1018.85,"bd1","a1"
569,501,7,1,817.66,"bd1","a1"
548,503,7,1,830.47,"bd1","a2"
549,504,7,1,924.95,"bd1","a1"
554,507,7,1,790.48,"bd1","a1"
555,508,7,1,791.98,"bd2","p2"
557,510,7,1,991.8,"bd1","a1"
559,511,7,1,1002.21,"rd1","a1"
560,512,7,1,1005.78,"bd1","a1"
561,513,7,1,1006.02,"bd1","a1"
563,515,7,1,1014.29,"rd2","a1"
564,516,7,1,1017.99,"rd1","a1"
565,517,7,1,1018.93,"rd1","a1"
566,518,7,1,1018.75,"rd1","a1"
586,521,7,2,978.16,"bd1","a1"
601,522,7,2,975.22,"bd1","a1"
617,523,7,2,976.25,"rd1","a1"
585,525,7,2,1000.64,"rd1","a1"
589,528,7,2,1008.25,"rd1","a1"
576,532,7,2,1015.5,"bd1","a1"
596,536,7,2,1005.91,"bd1","a1"
598,538,7,2,998.59,"bd1","a1"
599,539,7,2,998.96,"bd1","a1"
575,542,7,2,992.74,"bd1","a1"
603,543,7,2,990.62,"bd1","a1"
610,549,7,2,1008.74,"bd1","a1"
611,550,7,2,1020.67,"bd1","a1"
614,553,7,2,1017.13,"rd1","a2"
615,555,7,2,923.38,"bd1","a1"
619,559,7,2,828.55,"bd1","a1"
621,561,7,2,931.3,"bd1","a1"
578,564,7,2,982.05,"bd1","a1"
625,565,7,2,981.48,"bd1","a1"
582,565,7,2,981.48,"bd1","a1"
579,566,7,2,977.45,"bd1","a1"
626,567,7,2,999.76,"bd1","a2"
574,571,7,2,1016.49,"bd1","a1"
580,572,7,2,1015.17,"rd2","a1"
646,573,7,3,977.22,"rd1","a1"
629,576,7,3,974.4,"bd1","a1"
643,578,7,3,975.42,"rd1","a1"
645,580,7,3,980.65,"rd1","a1"
651,585,7,3,1013.36,"bd1","a1"
652,586,7,3,1009.8,"rd2","a2"
653,587,7,3,1010.17,"bd1","a1"
655,589,7,3,1005.96,"rd2","a1"
660,594,7,3,988.8,"bd1","a1"
662,596,7,3,985.4,"bd1","a1"
666,600,7,3,1018.44,"bd1","a1"
669,603,7,3,1018.22,"bd1","a1"
670,604,7,3,1022.05,"rd1","a1"
672,607,7,3,816.58,"bd1","a1"
673,608,7,3,821.4,"bd3","p3"
674,609,7,3,820.04,"rd2","a2"
642,611,7,3,926.48,"bd1","a2"
676,612,7,3,924.24,"bd1","a1"
630,614,7,3,1008.5,"bd1","a1"
634,616,7,3,1017.09,"bd1","a1"
635,617,7,3,1018.25,"rd3","a2"
677,620,7,1,981.72,"bd2","p2"
680,623,7,1,1004.94,"rd2","a1"
682,626,7,2,1002.68,"rd1","a2"
692,628,7,3,954.87,"rd1","a1"
686,632,7,3,807.57,"rd2","a1"
688,634,7,3,991.66,"rd1","a1"
1,1,3,1,964.13,"bd3","a3"
3,3,3,1,1022.05,"sp2","a1"
10,10,3,2,1019.35,"bd2","a1"
11,11,3,2,1017.36,"bd3","p3"
12,12,3,2,1007.62,"bd3","p3"
23,13,3,2,976.46,"rd2","p1"
13,14,3,2,996.42,"bd1","a1"
14,15,3,2,1046.56,"bd3","p3"
22,20,3,2,1007.67,"bd1","p1"
32,24,3,3,1017.76,"rd2","a1"
33,25,3,3,1020.61,"rd2","a2"
24,27,3,3,1018.61,"rd2","a2"
31,32,3,3,1043.66,"rd1","a1"
34,33,3,3,1011.48,"bd1","a1"
36,35,3,3,992.14,"rd2","a2"
45,43,3,2,1003.3,"rd2","a1"
46,45,3,3,1004.9,"rd2","a1"
51,47,3,1,1007.36,"bd2","a1"
50,47,3,1,1007.36,"bd1","a1"
52,50,3,2,984.67,"bd1","a2"
55,53,3,3,999.2,"bd2","a2"
57,55,3,1,1020.1,"sp1","a1"
61,55,3,1,1020.1,"sp1","p1"
59,56,3,1,1021.03,"rd2","a1"
60,57,3,1,1023.05,"rd2","a2"
64,60,3,3,1048.55,"sp3","p1"
66,64,3,1,1013.12,"rd2","p1"
74,66,3,2,1026.5,"rd2","a1"
80,73,3,2,1028.44,"bd2","a2"
70,75,3,2,1336.92,"sp3","p1"
88,79,3,1,819.72,"sp2","a1"
83,82,3,1,833.72,"sp3","p2"
95,85,3,2,822.96,"bd3","p3"
92,88,3,2,836.37,"bd1","a1"
94,90,3,2,829.35,"sp2","a1"
97,93,3,3,834.04,"bd1","a1"
98,94,3,3,832.4,"bd1","a1"
106,100,3,1,1013.13,"rd3","p1"
107,101,3,1,1002.66,"bd2","a2"
108,102,3,1,993.84,"sp2","a1"
109,103,3,1,808.93,"bd1","a1"
111,105,3,1,848.06,"sp3","p1"
105,106,3,1,811.05,"bd1","a1"
113,108,3,2,1017.79,"rd2","a1"
116,110,3,2,854.54,"sp3","p1"
117,111,3,2,831.07,"rd2","p1"
125,116,3,3,997.95,"rd3","p1"
126,117,3,3,842.08,"sp2","a1"
124,117,3,3,842.08,"sp2","p1"
128,119,3,3,830.76,"sp3","p1"
129,122,3,1,1027.58,"sp2","a1"
130,122,3,1,1027.58,"sp2","a1"
137,125,3,1,1019.49,"bd3","a2"
131,127,3,1,1015.42,"bd3","p3"
134,129,3,1,1004.68,"bd1","a1"
136,130,3,1,1009.17,"rd1","p1"
146,131,3,2,1020.2,"bd1","a1"
140,133,3,2,1015.7,"bd2","p3"
143,137,3,2,1014.57,"rd3","a1"
154,138,3,3,1023.94,"sp3","a1"
147,140,3,3,1015.33,"rd2","a1"
155,143,3,3,1015.54,"rd2","p1"
151,145,3,3,1033.06,"rd2","a1"
152,145,3,3,1033.06,"rd2","p1"
153,146,3,3,1004.68,"bd3","p3"
157,147,3,1,999.78,"bd1","p1"
160,148,3,2,998.77,"bd1","a1"
158,149,3,2,1005.82,"bd3","p3"
159,150,3,2,1029.95,"bd2","a1"
161,151,3,3,1011.61,"bd3","a2"
165,154,3,1,1001.07,"sp2","a1"
168,158,3,2,994.7,"rd2","a1"
169,160,3,2,1002.38,"rd2","a2"
170,161,3,2,1001.51,"sp3","a1"
172,163,3,2,1001.08,"sp2","a1"
173,164,3,2,1002.2,"sp2","a1"
180,167,3,3,1003.01,"sp2","a1"
181,168,3,3,998.62,"sp2","a1"
176,171,3,3,990.27,"sp3","p3"
177,172,3,3,983.13,"rd2","a1"
184,174,3,2,980.81,"rd2","a1"
185,175,3,2,983.96,"rd1","a1"
186,176,3,3,969.49,"bd2","a2"
190,178,3,1,773.16,"rd1","a1"
189,180,3,1,785.2,"rd2","a1"
193,182,3,2,1073.36,"rd2","a2"
192,183,3,2,1070.95,"rd2","a2"
194,184,3,3,796.25,"rd2","a2"
196,186,3,2,1070.72,"rd2","a2"
197,187,3,2,1084.6,"rd1","a1"
199,189,3,3,1088.87,"bd1","a1"
201,191,3,2,1069.72,"rd1","a1"
202,192,3,2,1060.34,"rd2","a1"
204,194,3,3,985.23,"rd2","a1"
205,195,3,3,1027.04,"bd1","a1"
210,198,3,1,1088.91,"sp2","a1"
211,198,3,1,1088.91,"sp2","a1"
212,199,3,1,1102.27,"rn1","a1"
217,206,3,3,1089.85,"rn1","a1"
218,206,3,3,1089.85,"rn2","p1"
221,208,3,3,1109.38,"rn1","a1"
223,210,3,3,1108.38,"bd2","a2"
224,211,3,3,1099.48,"rn3","a1"
226,213,3,3,1080.17,"rn1","a1"
227,214,3,3,1082.39,"sp2","a1"
230,217,3,3,1061.77,"sp2","a1"
231,217,3,3,1061.77,"sp2","a1"
232,219,3,1,930.14,"rd2","a1"
235,222,3,2,928.18,"bd1","a1"
245,225,3,3,916.68,"rd3","p2"
239,227,3,3,933.01,"bd2","a1"
242,228,3,3,931.41,"bd1","p1"
247,232,3,2,949.31,"bd1","a1"
249,233,3,2,971,"sp2","a1"
250,233,3,2,971,"sp2","p2"
252,234,3,3,948.87,"bd1","a1"
256,236,3,1,1031.52,"sp2","a1"
257,237,3,1,1032.45,"sp3","p1"
260,240,3,1,1044.85,"rn2","a1"
261,241,3,1,1052.8,"sp2","a1"
262,242,3,1,1054.35,"bd1","a1"
263,243,3,1,1052.26,"sp2","a1"
264,244,3,1,1049.1,"sp2","a1"
265,244,3,1,1049.1,"sp2","a1"
266,244,3,1,1049.1,"sp2","p1"
271,246,3,1,1062.16,"sp1","a1"
272,247,3,1,1066.17,"rn1","a1"
274,249,3,1,1067.67,"rn3","a2"
275,250,3,1,1068.97,"sp3","a1"
296,253,3,2,946.55,"bd1","a1"
313,255,3,2,943.85,"sp3","a1"
298,258,3,2,1031.71,"rn1","a1"
303,260,3,2,1036.22,"sp2","p1"
306,262,3,2,1037.12,"rn1","a1"
307,263,3,2,1047.54,"rn1","a1"
308,264,3,2,1049.85,"sp1","a1"
310,264,3,2,1049.85,"sp1","a1"
311,265,3,2,1048.59,"sp2","a1"
312,266,3,2,1042.42,"rn1","a1"
314,267,3,2,1065.41,"bd2","p2"
315,268,3,2,1064.13,"rn1","a1"
290,268,3,2,1064.13,"rn1","p1"
277,269,3,2,1067.31,"sp2","a1"
278,269,3,2,1067.31,"sp2","p2"
280,271,3,2,1065.64,"bd3","a3"
292,272,3,2,1065.82,"rn1","a1"
281,273,3,2,1066.87,"rn3","a1"
293,274,3,2,1066.51,"sp2","a1"
282,275,3,2,1080.63,"sp3","a1"
283,276,3,2,1083.13,"rn1","a1"
284,277,3,2,1083.14,"sp2","a1"
286,278,3,2,1083.78,"bd3","a1"
316,281,3,3,947.69,"rd2","p1"
337,286,3,3,1034.09,"rn1","a1"
338,287,3,3,1047.21,"rn2","a1"
340,290,3,3,1044.79,"rn1","a1"
331,290,3,3,1044.79,"rn1","p1"
341,291,3,3,1044.21,"sp2","a1"
319,293,3,3,1065.88,"bd1","a1"
322,296,3,3,1068.85,"rn3","a1"
323,297,3,3,1071.42,"rn1","a1"
332,299,3,3,1081.93,"bd1","a1"
327,300,3,3,1082.53,"sp3","p1"
342,301,3,2,972.75,"bd1","a1"
348,307,3,2,1043.19,"bd1","a1"
353,308,3,3,874.96,"sp1","a1"
352,308,3,3,874.96,"sp1","p1"
354,309,3,3,798.12,"bd1","a1"
349,314,3,3,1051.25,"rn3","a1"
350,315,3,3,1046.65,"bd1","a1"
351,316,3,3,1053.1,"bd2","p2"
359,320,3,1,1029.79,"rd1","a1"
362,321,3,1,1017.93,"rd1","p1"
368,323,3,2,1017.3,"rd1","p1"
365,325,3,2,1020.8,"rd2","p1"
367,328,3,2,1026.7,"bd2","a1"
372,331,3,3,1019.15,"bd2","p2"
376,335,3,1,983.86,"bd3","a2"
385,343,3,2,1025.53,"bd2","a1"
386,344,3,2,1027.08,"bd2","a1"
387,345,3,2,1031.34,"rd2","a1"
391,348,3,1,1014.21,"rd2","a2"
393,352,3,2,1000.12,"rd2","a2"
396,353,3,3,967.04,"rd1","a1"
402,360,3,1,1023.64,"rd2","a2"
404,362,3,1,1024.23,"rd2","a2"
406,365,3,1,1023.68,"rd2","a2"
413,366,3,2,960.16,"rd1","p1"
431,367,3,2,1014.91,"rd1","p1"
415,373,3,2,1018.16,"rd2","a1"
416,374,3,2,1020.68,"rd1","p2"
417,375,3,2,1022.13,"rd2","p2"
418,376,3,2,1020.66,"rd1","a1"
422,380,3,2,1023.25,"rd1","a1"
424,382,3,2,1023.06,"rd1","a1"
426,384,3,2,1024.36,"rd2","a2"
428,386,3,2,1023.62,"bd1","a1"
429,387,3,2,1023.93,"rd2","a1"
434,392,3,2,1023.09,"bd2","p1"
441,393,3,3,1017,"rd1","a2"
439,396,3,3,1023.71,"bd2","a1"
443,399,3,2,1007.21,"bd2","a1"
445,401,3,1,963.36,"bd2","p2"
446,402,3,2,963.87,"sp2","a1"
447,403,3,3,952.26,"sp3","a1"
449,405,3,3,982.66,"bd1","a1"
452,408,3,1,995.93,"rd2","a1"
454,409,3,1,998.36,"rd1","a1"
456,410,3,1,1004.65,"rd2","p1"
460,413,3,2,996.18,"rd2","a1"
461,414,3,2,996.81,"rd2","a2"
457,415,3,2,998.05,"rd2","a2"
458,416,3,2,1004.88,"rd2","a1"
459,417,3,2,1009.13,"bd3","a1"
469,425,3,2,992.57,"sp3","a1"
472,428,3,1,911.56,"rd2","a2"
473,429,3,2,892.26,"rd2","a2"
474,430,3,3,890.41,"rd1","a1"
475,431,3,1,983.14,"sp3","a1"
477,432,3,1,824.55,"bd1","a1"
476,433,3,1,1001.9,"rd2","a1"
481,437,3,3,986.73,"rd2","a2"
482,438,3,3,808.92,"rd2","a2"
485,439,3,2,971.22,"rd1","a1"
483,440,3,2,922.71,"bd2","a2"
486,442,3,3,936,"rd2","a2"
487,443,3,3,947.05,"bd2","a3"
488,444,3,1,978.75,"sp3","a1"
489,445,3,3,921.88,"rd1","a2"
490,446,3,1,801.14,"bd1","a1"
491,448,3,2,999.53,"rd1","a2"
500,451,3,3,910,"rd1","a2"
496,453,3,3,990,"rd1","a2"
507,457,3,1,1048.67,"sp2","a1"
508,460,3,1,1099.43,"sp2","a1"
505,462,3,1,1067.58,"bd1","a1"
506,463,3,1,1060.52,"sp3","a1"
509,464,3,2,1088.78,"rn1","a1"
510,465,3,2,1102.32,"bd2","a2"
512,467,3,2,1076.34,"rn1","a1"
513,468,3,2,1067.33,"sp3","a2"
518,472,3,3,1111.29,"sp3","a1"
519,473,3,3,1102.94,"sp3","a2"
524,478,3,3,1071.62,"rn2","a1"
546,482,3,1,978.14,"bd1","a1"
551,483,3,1,976.64,"rd3","a2"
527,486,3,1,1005.82,"rd2","a1"
528,486,3,1,1005.82,"rd2","a2"
529,486,3,1,1005.82,"rd2","a1"
532,489,3,1,1003.31,"rd2","a2"
534,490,3,1,1003.81,"rd2","a1"
536,492,3,1,1002.37,"rd1","a1"
540,496,3,1,1005.12,"rd1","a2"
541,497,3,1,1000.37,"rd1","a1"
543,498,3,1,985.44,"rd2","a2"
545,500,3,1,912.3,"rd2","a2"
548,503,3,1,830.47,"bd2","a1"
549,504,3,1,924.95,"bd1","a1"
552,505,3,1,845.87,"bd1","a1"
553,506,3,1,852.08,"bd1","a1"
556,509,3,1,798.58,"bd1","a1"
557,510,3,1,991.8,"bd1","a1"
563,515,3,1,1014.29,"rd2","a1"
566,518,3,1,1018.75,"rd2","a1"
570,518,3,1,1018.75,"rd2","a1"
567,519,3,1,1019.31,"rd2","a1"
583,520,3,2,978.63,"rd1","a2"
624,524,3,2,979.31,"rd1","a1"
585,525,3,2,1000.64,"rd1","a1"
588,527,3,2,1001.61,"rd1","a1"
598,538,3,2,998.59,"bd1","a1"
599,539,3,2,998.96,"bd2","a2"
600,540,3,2,998.38,"bd1","a1"
602,541,3,2,992.65,"bd2","a2"
575,542,3,2,992.74,"bd2","a2"
604,544,3,2,988.7,"bd2","a2"
608,547,3,2,999.51,"bd2","a2"
609,548,3,2,1010.83,"bd1","a1"
611,550,3,2,1020.67,"bd2","a2"
612,551,3,2,1017.71,"rd2","a2"
613,552,3,2,1016.78,"rd2","a1"
615,555,3,2,923.38,"bd2","a2"
616,556,3,2,913.85,"rd1","a1"
581,558,3,2,825.19,"bd3","a3"
622,562,3,2,929.34,"bd1","a1"
623,563,3,2,841.81,"bd1","a1"
578,564,3,2,982.05,"bd1","a1"
625,565,3,2,981.48,"bd1","a1"
582,565,3,2,981.48,"bd1","a1"
571,568,3,2,1009.74,"bd2","a1"
572,569,3,2,1010.07,"bd1","a1"
573,570,3,2,1015.55,"bd2","a2"
580,572,3,2,1015.17,"bd3","p3"
649,574,3,3,978.88,"bd1","a1"
627,575,3,3,976.23,"bd3","a3"
629,576,3,3,974.4,"bd1","a1"
638,576,3,3,974.4,"bd2","a1"
631,577,3,3,974.42,"bd1","a2"
643,578,3,3,975.42,"rd2","a1"
644,579,3,3,982.12,"rd1","a1"
647,581,3,3,1002.73,"rd1","a1"
639,583,3,3,1009.84,"rd2","a1"
654,588,3,3,1008.61,"rd1","a1"
659,593,3,3,994.14,"bd1","a1"
660,594,3,3,988.8,"bd1","a1"
664,597,3,3,984.39,"bd2","a2"
640,599,3,3,1020.02,"bd2","a3"
670,604,3,3,1022.05,"rd1","a1"
641,605,3,3,1008.15,"bd1","a1"
672,607,3,3,816.58,"bd1","a1"
673,608,3,3,821.4,"bd3","p3"
674,609,3,3,820.04,"rd1","a2"
676,612,3,3,924.24,"bd1","a1"
630,614,3,3,1008.5,"bd2","a2"
637,619,3,3,1019.05,"rd1","a2"
681,622,3,1,1005.47,"bd1","a1"
685,624,3,2,957.33,"bd1","a1"
682,626,3,2,1002.68,"rd2","a2"
683,627,3,2,999.75,"rd2","a2"
692,628,3,3,954.87,"rd2","a3"
689,629,3,3,962.59,"bd1","a1"
688,634,3,3,991.66,"rd1","a1"
2,2,5,1,971.43,"rd1","a1"
5,5,5,1,1007.24,"bd3","p3"
6,6,5,1,960.59,"rd3","p1"
11,11,5,2,1017.36,"bd2","p2"
12,12,5,2,1007.62,"bd3","p3"
13,14,5,2,996.42,"bd1","a1"
14,15,5,2,1046.56,"sp2","a2"
16,17,5,2,1006.59,"rd2","a1"
18,19,5,2,990.76,"bd1","a1"
20,21,5,2,1019.15,"bd1","a1"
32,24,5,3,1017.76,"rd2","a1"
27,26,5,3,1026.88,"bd2","a1"
24,27,5,3,1018.61,"rd2","a1"
25,28,5,3,1013.73,"bd1","a1"
35,34,5,3,1009.6,"bd1","a1"
36,35,5,3,992.14,"rd2","a1"
37,36,5,3,993.33,"bd1","p1"
38,37,5,1,983.82,"bd1","a1"
39,38,5,1,1001.03,"rd3","p1"
41,40,5,1,970,"rd1","a1"
42,41,5,1,1002.9,"rd1","a1"
44,42,5,2,993.29,"rd2","a1"
43,44,5,2,997.3,"rd1","a1"
50,47,5,1,1007.36,"bd1","a1"
49,49,5,1,967.91,"rd2","a2"
53,51,5,2,996.9,"bd1","a1"
56,54,5,3,968.48,"bd1","a1"
59,56,5,1,1021.03,"rd2","a1"
60,57,5,1,1023.05,"rd1","a1"
63,59,5,3,1041.62,"sp2","a1"
67,62,5,1,1058.18,"bd2","p2"
73,65,5,2,1018.2,"rd2","a2"
75,67,5,2,1058.41,"bd2","p2"
78,71,5,2,1046.56,"bd1","a1"
79,72,5,2,1020.41,"rd2","a1"
80,73,5,2,1028.44,"rd3","a2"
69,74,5,2,1029.74,"bd2","p2"
88,79,5,1,819.72,"sp2","a1"
89,80,5,1,828.25,"sp2","a1"
83,82,5,1,833.72,"sp3","p1"
86,84,5,1,827.03,"sp2","p1"
90,86,5,2,825.38,"bd1","a1"
92,88,5,2,836.37,"bd1","a1"
96,91,5,2,822.48,"bd1","a1"
99,92,5,3,824.32,"bd1","a1"
101,96,5,1,810.71,"sp3","a1"
102,97,5,1,805.82,"sp3","p1"
103,98,5,1,803.79,"rd3","a1"
104,99,5,2,816.87,"sp3","p1"
108,102,5,1,993.84,"sp1","a1"
110,104,5,1,811.65,"rn3","a2"
115,109,5,2,1006.95,"sp2","a1"
119,110,5,2,854.54,"sp3","a1"
121,114,5,3,1006.66,"bd2","a1"
122,115,5,3,1006.8,"bd2","a1"
125,116,5,3,997.95,"sp3","p2"
124,117,5,3,842.08,"sp1","p1"
127,118,5,3,855.02,"sp3","a2"
120,120,5,3,834.32,"sp3","a3"
123,121,5,3,819.36,"rd2","a2"
129,122,5,1,1027.58,"sp1","a1"
132,123,5,1,1021.85,"sp2","a1"
135,124,5,1,1017.6,"rd2","a1"
138,126,5,1,1018.93,"rd2","a2"
131,127,5,1,1015.42,"rd2","a2"
133,128,5,1,1030.99,"rd2","a2"
134,129,5,1,1004.68,"bd1","a1"
136,130,5,1,1009.17,"rd1","p1"
146,131,5,2,1020.2,"bd1","a1"
139,132,5,2,1015.86,"rd2","a1"
144,132,5,2,1015.86,"rd2","p1"
142,136,5,2,1014.81,"rd2","a1"
143,137,5,2,1014.57,"rd2","a2"
147,140,5,3,1015.33,"unk","a3"
155,143,5,3,1015.54,"rd2","p2"
150,144,5,3,1015.68,"bd2","a1"
151,145,5,3,1033.06,"rd2","a1"
152,145,5,3,1033.06,"rd2","p1"
160,148,5,2,998.77,"bd1","a1"
161,151,5,3,1011.61,"rd3","a2"
163,152,5,1,1002.85,"rd1","a1"
165,154,5,1,1001.07,"sp3","a1"
167,156,5,1,997.83,"rd2","a1"
162,157,5,1,1007.59,"sp3","p1"
168,158,5,2,994.7,"rd2","a1"
174,159,5,2,993.99,"rd2","a1"
170,161,5,2,1001.51,"rd2","a1"
180,167,5,3,1003.01,"sp2","a1"
183,173,5,1,974.12,"rd1","a1"
190,178,5,1,773.16,"rd1","a1"
189,180,5,1,785.2,"rd2","a1"
193,182,5,2,1073.36,"rd2","a1"
192,183,5,2,1070.95,"rd2","a1"
195,185,5,1,1076.38,"rd1","a1"
198,188,5,2,1101.63,"rd1","a1"
202,192,5,2,1060.34,"rd1","a1"
203,193,5,3,1073.61,"rd2","a1"
204,194,5,3,985.23,"rd2","a1"
209,197,5,1,1085.62,"sp3","p2"
211,198,5,1,1088.91,"sp1","a1"
212,199,5,1,1102.27,"rn1","a1"
214,201,5,1,1073.88,"sp3","p1"
215,202,5,1,1047.12,"bd1","a1"
207,203,5,1,900.71,"rd2","a1"
208,204,5,1,897.9,"bd3","p3"
216,205,5,3,1083.64,"bd1","a1"
217,206,5,3,1089.85,"rn1","a1"
218,206,5,3,1089.85,"rn1","p1"
219,207,5,3,1109.36,"sp1","a1"
220,207,5,3,1109.36,"sp1","a1"
221,208,5,3,1109.38,"rn1","a1"
223,210,5,3,1108.38,"bd2","a1"
224,211,5,3,1099.48,"rn2","a2"
226,213,5,3,1080.17,"rn1","a1"
228,215,5,3,1069.91,"rd3","a1"
231,217,5,3,1061.77,"sp2","a2"
234,218,5,1,916.29,"bd1","p1"
232,219,5,1,930.14,"rd1","a1"
233,220,5,1,935.38,"rd1","a1"
236,223,5,2,936.88,"bd3","p3"
244,224,5,3,922.54,"bd2","p2"
245,225,5,3,916.68,"rd3","p1"
239,227,5,3,933.01,"bd2","a1"
238,227,5,3,933.01,"bd2","a1"
242,228,5,3,931.41,"bd1","p1"
243,229,5,3,932.96,"rd3","p1"
248,233,5,2,971,"sp2","a1"
249,233,5,2,971,"sp2","a1"
252,234,5,3,948.87,"bd1","a1"
254,235,5,1,1026.2,"sp3","a2"
260,240,5,1,1044.85,"rn2","a1"
262,242,5,1,1054.35,"bd1","a1"
264,244,5,1,1049.1,"sp1","a1"
270,246,5,1,1062.16,"sp1","p1"
272,247,5,1,1066.17,"rn1","a1"
274,249,5,1,1067.67,"rd3","a2"
275,250,5,1,1068.97,"sp2","a1"
276,251,5,1,1079.33,"bd1","a1"
253,252,5,1,1082.55,"sp3","p1"
305,254,5,2,943.55,"bd1","p1"
294,256,5,2,1034.24,"sp2","a1"
295,256,5,2,1034.24,"sp2","a1"
297,257,5,2,1026.48,"sp1","a1"
298,258,5,2,1031.71,"rn1","a1"
299,259,5,2,1022.5,"sp2","a1"
301,260,5,2,1036.22,"sp1","a1"
302,260,5,2,1036.22,"sp1","a1"
303,260,5,2,1036.22,"sp1","p1"
289,261,5,2,1036.56,"sp2","p2"
306,262,5,2,1037.12,"rn1","a1"
307,263,5,2,1047.54,"rn1","a1"
310,264,5,2,1049.85,"sp2","a1"
309,264,5,2,1049.85,"sp2","p1"
312,266,5,2,1042.42,"rn1","a1"
315,268,5,2,1064.13,"rn1","a1"
290,268,5,2,1064.13,"rn1","p1"
278,269,5,2,1067.31,"sp2","p2"
279,270,5,2,1066,"rd3","a2"
280,271,5,2,1065.64,"rn3","a2"
292,272,5,2,1065.82,"rn1","a1"
282,275,5,2,1080.63,"rn2","a1"
283,276,5,2,1083.13,"rn1","a1"
284,277,5,2,1083.14,"sp2","a1"
287,279,5,2,1085.4,"sp3","a3"
334,282,5,3,1031.22,"bd1","a1"
335,283,5,3,1034.97,"sp1","a1"
337,286,5,3,1034.09,"rn1","a1"
338,287,5,3,1047.21,"rn2","a1"
339,289,5,3,1052.97,"sp1","a1"
340,290,5,3,1044.79,"rn1","a1"
331,290,5,3,1044.79,"rn1","p1"
317,292,5,3,1061.1,"sp2","a1"
321,295,5,3,1066.55,"sp2","a1"
322,296,5,3,1068.85,"sp2","a1"
323,297,5,3,1071.42,"rn1","a1"
332,299,5,3,1081.93,"bd1","a1"
326,300,5,3,1082.53,"sp2","a1"
343,302,5,1,888.21,"bd1","a1"
347,306,5,2,1050.15,"rd2","a2"
353,308,5,3,874.96,"sp1","a1"
352,308,5,3,874.96,"sp1","p1"
355,310,5,3,824.41,"bd1","a1"
357,312,5,3,1052.28,"bd3","p3"
351,316,5,3,1053.1,"bd2","p2"
363,317,5,1,1070.09,"rd2","a1"
364,319,5,1,1023.07,"rd2","a1"
362,321,5,1,1017.93,"rd2","p1"
370,324,5,2,1014.75,"rd2","a1"
369,326,5,2,1026.08,"rd3","p1"
375,329,5,3,1027.09,"rd2","p2"
372,331,5,3,1019.15,"sp3","a2"
379,337,5,3,1011.18,"bd3","p3"
380,338,5,3,1009.33,"sp2","a2"
385,343,5,2,1025.53,"bd1","a1"
388,346,5,2,1042.02,"bd1","a1"
390,347,5,3,1036.82,"bd1","p2"
391,348,5,1,1014.21,"rd1","a1"
392,351,5,2,999.71,"rd2","a1"
408,357,5,1,1018.18,"rd2","a1"
402,360,5,1,1023.64,"rd2","a1"
403,361,5,1,1023.62,"rd1","a1"
407,363,5,1,1025.94,"rd3","a1"
405,364,5,1,1024.6,"bd1","a1"
413,366,5,2,960.16,"rd2","a2"
435,368,5,2,1018.84,"rd2","p2"
410,370,5,2,1019.64,"bd2","a1"
415,373,5,2,1018.16,"rd2","a1"
414,373,5,2,1018.16,"rd1","a1"
418,376,5,2,1020.66,"rd2","a1"
419,377,5,2,1021.62,"rd2","a1"
420,378,5,2,1024.73,"rd2","a2"
422,380,5,2,1023.25,"rd2","a1"
424,382,5,2,1023.06,"rd2","a1"
425,383,5,2,1028.05,"rd2","a1"
427,385,5,2,1023.36,"rd1","a1"
428,386,5,2,1023.62,"bd1","a1"
429,387,5,2,1023.93,"rd1","a1"
433,391,5,2,1022.3,"rd3","p3"
441,393,5,3,1017,"rd2","a1"
437,394,5,3,1018.94,"rd2","a1"
438,395,5,3,1024.24,"rd3","a2"
439,396,5,3,1023.71,"bd1","a1"
440,397,5,3,1026.22,"rd2","a1"
448,404,5,3,1020.1,"bd1","a1"
451,406,5,1,1029.67,"rd3","p1"
450,407,5,1,1080.69,"rd2","p1"
454,409,5,1,998.36,"rd2","a1"
460,413,5,2,996.18,"rd1","a1"
463,420,5,3,1008.34,"rd2","a1"
468,422,5,1,990.15,"bd2","p2"
467,424,5,1,982.67,"bd1","a1"
469,425,5,2,992.57,"rd3","a2"
470,426,5,2,986.2,"bd1","a1"
472,428,5,1,911.56,"rd1","a1"
474,430,5,3,890.41,"rd2","a1"
477,432,5,1,824.55,"bd1","a1"
480,436,5,3,994.9,"sp3","a2"
483,440,5,2,922.71,"bd2","p2"
489,445,5,3,921.88,"rd1","a1"
492,449,5,2,989.71,"rd3","a1"
497,454,5,3,985.26,"rd2","a1"
498,455,5,3,997.69,"rd1","a1"
503,461,5,1,1085.35,"rd3","a2"
504,462,5,1,1067.58,"bd1","a1"
506,463,5,1,1060.52,"rd2","a1"
509,464,5,2,1088.78,"rn1","a1"
512,467,5,2,1076.34,"rn1","a1"
514,469,5,2,1065.53,"sp2","a2"
518,472,5,3,1111.29,"sp2","a1"
521,475,5,3,1074.68,"sp2","a1"
522,476,5,3,1076.39,"sp3","a1"
524,478,5,3,1071.62,"rn2","a2"
550,479,5,1,976.2,"bd1","a1"
551,483,5,1,976.64,"rd2","a2"
558,484,5,1,974.91,"bd1","a1"
529,486,5,1,1005.82,"rd2","a1"
532,489,5,1,1003.31,"rd1","a1"
533,489,5,1,1003.31,"rd1","a1"
534,490,5,1,1003.81,"rd2","a1"
535,491,5,1,1002.97,"rd1","a1"
538,494,5,1,1012.43,"rd1","a1"
539,495,5,1,1007.76,"rd2","a1"
544,499,5,1,1018.85,"bd1","a1"
554,507,5,1,790.48,"bd1","a1"
555,508,5,1,791.98,"rd3","a2"
565,517,5,1,1018.93,"rd2","a1"
566,518,5,1,1018.75,"rd2","a1"
586,521,5,2,978.16,"bd2","a1"
617,523,5,2,976.25,"rd1","a1"
584,525,5,2,1000.64,"rd1","a1"
590,529,5,2,1009.87,"rd1","a1"
591,530,5,2,1010.8,"rd2","a1"
592,531,5,2,1010.95,"rd2","a1"
576,532,5,2,1015.5,"bd2","a1"
594,534,5,2,1006.44,"rd2","a1"
596,536,5,2,1005.91,"bd1","a1"
597,537,5,2,996.8,"bd1","a1"
599,539,5,2,998.96,"bd2","a1"
600,540,5,2,998.38,"bd1","a1"
602,541,5,2,992.65,"bd1","a1"
603,543,5,2,990.62,"bd1","a1"
604,544,5,2,988.7,"bd1","a2"
605,545,5,2,986.16,"bd2","a1"
607,546,5,2,1001.87,"bd1","a1"
608,547,5,2,999.51,"bd2","a2"
613,552,5,2,1016.78,"rd2","a1"
577,554,5,2,1020.06,"rd1","a1"
581,558,5,2,825.19,"bd3","p3"
619,559,5,2,828.55,"bd1","a1"
620,560,5,2,928.14,"bd2","a2"
623,563,5,2,841.81,"bd1","a1"
625,565,5,2,981.48,"bd1","a1"
579,566,5,2,977.45,"bd1","a1"
572,569,5,2,1010.07,"bd1","a1"
573,570,5,2,1015.55,"bd2","a1"
574,571,5,2,1016.49,"bd2","a1"
638,576,5,3,974.4,"bd1","a1"
632,577,5,3,974.42,"bd1","a1"
648,582,5,3,1005.52,"rd2","a1"
639,583,5,3,1009.84,"rd1","a1"
652,586,5,3,1009.8,"rd2","a1"
653,587,5,3,1010.17,"bd2","a1"
655,589,5,3,1005.96,"rd2","a1"
657,591,5,3,995.59,"bd1","a1"
658,592,5,3,994.85,"bd2","a1"
660,594,5,3,988.8,"bd1","a1"
661,595,5,3,988.7,"bd1","a1"
665,598,5,3,1019.39,"bd2","a1"
667,601,5,3,1018.55,"bd2","a1"
641,605,5,3,1008.15,"bd2","a2"
642,611,5,3,926.48,"bd2","a2"
678,621,5,2,957.26,"rd1","a1"
681,622,5,1,1005.47,"bd1","a1"
679,623,5,1,1004.94,"rd2","a1"
684,625,5,2,998.46,"bd1","a1"
683,627,5,2,999.75,"rd1","a1"
689,629,5,3,962.59,"bd2","a2"
690,630,5,3,1007.04,"bd1","a1"
686,632,5,3,807.57,"rd2","a1"
687,633,5,3,1001.87,"bd1","a1"
2,2,4,1,971.43,"rd1","a1"
4,4,4,1,1016.01,"rd1","a1"
8,7,4,1,971.52,"rd1","p1"
7,8,4,1,962.39,"bd1","p1"
9,9,4,1,996.11,"rd1","p1"
11,11,4,2,1017.36,"bd1","p1"
13,14,4,2,996.42,"bd1","a1"
14,15,4,2,1046.56,"sp1","a1"
15,16,4,2,1000.14,"rd2","p1"
16,17,4,2,1006.59,"rd2","a1"
18,19,4,2,990.76,"bd1","a1"
20,21,4,2,1019.15,"bd1","a1"
28,23,4,3,1018.07,"rd1","a1"
33,25,4,3,1020.61,"rd1","a1"
27,26,4,3,1026.88,"bd1","a1"
24,27,4,3,1018.61,"rd2","a1"
25,28,4,3,1013.73,"bd1","a1"
26,29,4,3,1017.65,"rd1","a1"
35,34,4,3,1009.6,"bd1","a1"
39,38,4,1,1001.03,"rd3","p1"
41,40,4,1,970,"rd1","a1"
46,45,4,3,1004.9,"rd1","a1"
51,47,4,1,1007.36,"bd1","a1"
48,48,4,1,1001.92,"rd1","a1"
49,49,4,1,967.91,"rd1","a1"
52,50,4,2,984.67,"bd1","a1"
54,52,4,3,998.13,"rd2","a1"
59,56,4,1,1021.03,"rd1","a1"
60,57,4,1,1023.05,"rd1","a1"
62,58,4,2,1026.3,"rd2","a1"
64,60,4,3,1048.55,"sp3","p1"
65,61,4,3,1008.39,"sp2","a1"
68,63,4,1,1014.77,"bd1","p1"
74,66,4,2,1026.5,"rd1","a1"
72,69,4,2,1047.28,"bd1","p1"
77,70,4,2,1027.16,"rd1","a1"
80,73,4,2,1028.44,"rn3","a1"
69,74,4,2,1029.74,"bd2","p2"
81,77,4,3,1008.41,"bd1","p1"
87,78,4,1,824.02,"rd1","p1"
84,83,4,1,827.55,"sp1","a1"
85,83,4,1,827.55,"sp1","a1"
91,87,4,2,824.91,"rd1","a1"
93,89,4,2,828.85,"sp2","a1"
96,91,4,2,822.48,"bd1","a1"
99,92,4,3,824.32,"bd1","a1"
97,93,4,3,834.04,"bd1","a1"
100,95,4,3,825.01,"sp3","p1"
103,98,4,1,803.79,"sp3","a1"
106,100,4,1,1013.13,"sp3","p1"
107,101,4,1,1002.66,"bd2","a1"
109,103,4,1,808.93,"bd1","a1"
110,104,4,1,811.65,"rn3","a1"
111,105,4,1,848.06,"sp3","p1"
105,106,4,1,811.05,"bd1","a1"
118,107,4,2,1013.62,"sp3","p1"
115,109,4,2,1006.95,"rn3","a1"
114,113,4,2,821.57,"sp1","a1"
122,115,4,3,1006.8,"bd2","a1"
126,117,4,3,842.08,"sp1","a1"
120,120,4,3,834.32,"sp3","a1"
123,121,4,3,819.36,"rd2","a2"
130,122,4,1,1027.58,"sp1","a1"
132,123,4,1,1021.85,"sp1","a1"
133,128,4,1,1030.99,"rd1","a1"
141,134,4,2,1021.16,"sp2","a1"
143,137,4,2,1014.57,"sp3","a1"
156,139,4,3,1016.22,"bd1","a1"
147,140,4,3,1015.33,"rd3","a1"
148,141,4,3,1021.53,"bd1","a1"
149,142,4,3,1015.99,"rd2","a1"
151,145,4,3,1033.06,"rd2","a1"
152,145,4,3,1033.06,"rd2","p1"
153,146,4,3,1004.68,"rn3","a1"
159,150,4,2,1029.95,"rn2","a1"
161,151,4,3,1011.61,"sp3","a1"
164,153,4,1,1001.06,"rd3","a1"
166,155,4,1,1000.01,"rd1","a1"
162,157,4,1,1007.59,"rn3","p1"
168,158,4,2,994.7,"rd2","a1"
170,161,4,2,1001.51,"rn3","a1"
171,162,4,2,1001.55,"sp1","a1"
172,163,4,2,1001.08,"sp1","a1"
180,167,4,3,1003.01,"sp1","a1"
182,169,4,3,999.17,"rd1","a1"
175,170,4,3,990.36,"rd1","a1"
176,171,4,3,990.27,"rn3","p3"
183,173,4,1,974.12,"rd1","a1"
185,175,4,2,983.96,"rd1","a1"
186,176,4,3,969.49,"rd3","a1"
191,181,4,3,981.52,"rd1","a1"
193,182,4,2,1073.36,"rd1","a1"
194,184,4,3,796.25,"rd1","a1"
197,187,4,2,1084.6,"rd1","a1"
198,188,4,2,1101.63,"rd1","a1"
199,189,4,3,1088.87,"rn3","a1"
201,191,4,2,1069.72,"rd1","a1"
205,195,4,3,1027.04,"bd1","a1"
209,197,4,1,1085.62,"sp3","p1"
210,198,4,1,1088.91,"sp1","a1"
212,199,4,1,1102.27,"rn1","a1"
213,200,4,1,1098.18,"rd2","a1"
214,201,4,1,1073.88,"sp3","p1"
215,202,4,1,1047.12,"bd1","a1"
207,203,4,1,900.71,"rd1","a1"
217,206,4,3,1089.85,"rn1","a1"
218,206,4,3,1089.85,"rn1","p1"
220,207,4,3,1109.36,"sp1","a1"
221,208,4,3,1109.38,"rn1","a1"
222,209,4,3,1111.81,"bd1","a1"
224,211,4,3,1099.48,"rd2","a1"
225,212,4,3,1081.3,"sp2","a1"
226,213,4,3,1080.17,"rn1","a1"
234,218,4,1,916.29,"bd2","p2"
235,222,4,2,928.18,"bd1","a1"
244,224,4,3,922.54,"sp3","a1"
246,226,4,3,928.83,"bd1","a1"
243,229,4,3,932.96,"rd1","p1"
251,231,4,2,961.3,"bd1","a1"
255,236,4,1,1031.52,"sp1","a1"
257,237,4,1,1032.45,"sp2","p1"
259,239,4,1,1038.89,"rd3","a2"
260,240,4,1,1044.85,"rn3","a1"
261,241,4,1,1052.8,"sp1","a1"
264,244,4,1,1049.1,"sp1","a1"
266,244,4,1,1049.1,"sp1","p1"
268,245,4,1,1041.4,"sp2","p1"
271,246,4,1,1062.16,"sp1","a1"
272,247,4,1,1066.17,"rn1","a1"
273,248,4,1,1065.12,"sp2","p1"
274,249,4,1,1067.67,"sp2","a1"
253,252,4,1,1082.55,"sp3","p2"
305,254,4,2,943.55,"bd1","p1"
295,256,4,2,1034.24,"sp1","a1"
297,257,4,2,1026.48,"sp2","a1"
298,258,4,2,1031.71,"rn1","a1"
299,259,4,2,1022.5,"sp1","a1"
300,259,4,2,1022.5,"sp1","a1"
301,260,4,2,1036.22,"sp1","a1"
302,260,4,2,1036.22,"sp1","a1"
304,261,4,2,1036.56,"sp1","a1"
289,261,4,2,1036.56,"sp1","p1"
306,262,4,2,1037.12,"rn1","a1"
307,263,4,2,1047.54,"rn1","a1"
308,264,4,2,1049.85,"sp1","a1"
311,265,4,2,1048.59,"sp2","a1"
312,266,4,2,1042.42,"rn1","a1"
315,268,4,2,1064.13,"rn1","a1"
290,268,4,2,1064.13,"rn1","p1"
277,269,4,2,1067.31,"sp3","a1"
279,270,4,2,1066,"sp2","a1"
280,271,4,2,1065.64,"rd2","a1"
292,272,4,2,1065.82,"rn1","a1"
282,275,4,2,1080.63,"rn2","a1"
283,276,4,2,1083.13,"rn1","a1"
286,278,4,2,1083.78,"sp1","a1"
287,279,4,2,1085.4,"sp2","a1"
288,280,4,2,1088.78,"sp2","a1"
291,280,4,2,1088.78,"sp2","p1"
316,281,4,3,947.69,"rd1","p1"
334,282,4,3,1031.22,"bd1","a1"
328,284,4,3,1025.7,"sp2","p1"
336,285,4,3,1026.63,"sp1","a1"
337,286,4,3,1034.09,"rn1","a1"
338,287,4,3,1047.21,"bd2","a1"
340,290,4,3,1044.79,"rn1","a1"
331,290,4,3,1044.79,"rn1","p1"
318,292,4,3,1061.1,"sp1","p1"
319,293,4,3,1065.88,"bd1","a1"
320,294,4,3,1064.41,"sp1","a1"
322,296,4,3,1068.85,"sp2","a1"
323,297,4,3,1071.42,"rn1","a1"
333,298,4,3,1080.06,"bd1","a1"
325,299,4,3,1081.93,"bd1","a1"
342,301,4,2,972.75,"bd1","a1"
344,303,4,1,1045.32,"bd1","a1"
348,307,4,2,1043.19,"bd1","a1"
352,308,4,3,874.96,"sp1","p1"
358,313,4,3,1046.13,"bd1","a1"
350,315,4,3,1046.65,"bd1","a1"
361,318,4,1,1088.46,"sp2","p2"
359,320,4,1,1029.79,"rd1","a1"
362,321,4,1,1017.93,"rd1","p1"
368,323,4,2,1017.3,"rd1","p1"
373,332,4,3,1023.13,"bd1","a1"
377,336,4,1,1019.56,"bd1","p1"
379,337,4,3,1011.18,"rd2","a2"
381,339,4,3,987.78,"bd1","a1"
382,340,4,1,1023.53,"sp1","a1"
384,342,4,1,1042.15,"rd2","p1"
388,346,4,2,1042.02,"bd1","a1"
391,348,4,1,1014.21,"rd1","a1"
392,351,4,2,999.71,"rd1","a1"
393,352,4,2,1000.12,"rd1","a1"
396,353,4,3,967.04,"rd1","a1"
397,354,4,3,1010.53,"rd2","a1"
399,356,4,3,1013.71,"rd1","a1"
401,359,4,1,1023.67,"rd1","a1"
403,361,4,1,1023.62,"rd1","a1"
406,365,4,1,1023.68,"rd2","a1"
411,371,4,2,1018.75,"rd1","a2"
412,372,4,2,1017.46,"rd1","a1"
418,376,4,2,1020.66,"rd1","a1"
419,377,4,2,1021.62,"rd1","a1"
420,378,4,2,1024.73,"rd1","a1"
423,381,4,2,1024.01,"rd1","a1"
425,383,4,2,1028.05,"rd2","a1"
428,386,4,2,1023.62,"bd1","a1"
430,388,4,2,1025.73,"rd1","a1"
436,389,4,2,1025.74,"rd1","a1"
432,390,4,2,1020.17,"bd2","a1"
437,394,4,3,1018.94,"rd1","a1"
438,395,4,3,1024.24,"rd1","a1"
440,397,4,3,1026.22,"rd1","a1"
442,398,4,1,1014.51,"sp1","a1"
444,400,4,1,964.18,"bd1","a1"
445,401,4,1,963.36,"sp2","a1"
446,402,4,2,963.87,"sp1","a1"
447,403,4,3,952.26,"sp2","a1"
448,404,4,3,1020.1,"bd1","a1"
451,406,4,1,1029.67,"sp3","p1"
452,408,4,1,995.93,"rd1","a1"
456,410,4,1,1004.65,"rd3","p1"
460,413,4,2,996.18,"rd1","a1"
459,417,4,2,1009.13,"bd2","a1"
468,422,4,1,990.15,"bd2","p2"
466,423,4,1,983.91,"bd1","a1"
467,424,4,1,982.67,"bd1","a1"
471,427,4,3,992.67,"rd1","a1"
473,429,4,2,892.26,"rd2","a1"
475,431,4,1,983.14,"rd2","a1"
476,433,4,1,1001.9,"rd1","a1"
478,434,4,2,814.96,"bd1","p1"
481,437,4,3,986.73,"rd1","a1"
482,438,4,3,808.92,"rd1","a1"
483,440,4,2,922.71,"rn2","a1"
484,441,4,2,NA,"rd1","a1"
487,443,4,3,947.05,"sp2","a1"
490,446,4,1,801.14,"bd1","a1"
491,448,4,2,999.53,"rd1","a1"
492,449,4,2,989.71,"rd1","a1"
493,450,4,2,993.92,"rd1","a1"
495,452,4,3,1035.52,"rd1","a1"
497,454,4,3,985.26,"rd1","a1"
499,456,4,3,997.38,"rd1","a1"
507,457,4,1,1048.67,"sp1","a1"
501,458,4,1,1092.64,"rd1","a1"
502,459,4,1,1094.1,"bd1","a1"
503,461,4,1,1085.35,"bd2","p2"
504,462,4,1,1067.58,"bd1","a1"
506,463,4,1,1060.52,"rd1","a1"
509,464,4,2,1088.78,"rn1","a1"
512,467,4,2,1076.34,"rn1","a1"
517,469,4,2,1065.53,"rd2","a1"
516,471,4,2,1051,"bd1","a1"
518,472,4,3,1111.29,"rn3","a1"
520,474,4,3,1075.5,"bd2","a1"
524,478,4,3,1071.62,"rn3","a1"
568,480,4,1,978.86,"bd1","a1"
542,481,4,1,977.89,"sp2","a1"
558,484,4,1,974.91,"bd1","a1"
525,485,4,1,979.45,"rd1","a1"
526,486,4,1,1005.82,"rd1","a1"
530,487,4,1,1002.53,"rd1","a1"
532,489,4,1,1003.31,"rd1","a1"
536,492,4,1,1002.37,"rd1","a1"
537,493,4,1,1008.24,"rd1","a1"
544,499,4,1,1018.85,"bd1","a1"
545,500,4,1,912.3,"rd1","a1"
569,501,4,1,817.66,"bd1","a1"
547,502,4,1,821.34,"bd1","a1"
549,504,4,1,924.95,"bd1","a1"
552,505,4,1,845.87,"bd1","a1"
559,511,4,1,1002.21,"rd1","a1"
560,512,4,1,1005.78,"bd1","a1"
561,513,4,1,1006.02,"bd1","a1"
562,514,4,1,1007.01,"bd1","a1"
564,516,4,1,1017.99,"rd1","a1"
566,518,4,1,1018.75,"rd1","a1"
570,518,4,1,1018.75,"rd1","a1"
617,523,4,2,976.25,"rd1","a1"
591,530,4,2,1010.8,"rd1","a1"
592,531,4,2,1010.95,"rd1","a1"
594,534,4,2,1006.44,"rd1","a1"
595,535,4,2,1006.58,"rd1","a1"
600,540,4,2,998.38,"bd1","a1"
604,544,4,2,988.7,"bd1","a1"
606,545,4,2,986.16,"bd1","a1"
605,545,4,2,986.16,"bd1","a1"
610,549,4,2,1008.74,"bd1","a1"
612,551,4,2,1017.71,"rd1","a1"
614,553,4,2,1017.13,"rd1","a1"
619,559,4,2,828.55,"bd1","a1"
571,568,4,2,1009.74,"bd1","a1"
574,571,4,2,1016.49,"bd1","a1"
632,577,4,3,974.42,"bd1","a1"
644,579,4,3,982.12,"rd1","a1"
650,584,4,3,1010.38,"bd1","a1"
651,585,4,3,1013.36,"bd1","a1"
654,588,4,3,1008.61,"rd1","a1"
656,590,4,3,999.34,"bd1","a1"
658,592,4,3,994.85,"bd1","a1"
661,595,4,3,988.7,"bd1","a1"
662,596,4,3,985.4,"bd1","a1"
663,597,4,3,984.39,"bd1","a1"
640,599,4,3,1020.02,"bd1","a1"
669,603,4,3,1018.22,"bd1","a1"
673,608,4,3,821.4,"rd2","a1"
674,609,4,3,820.04,"rd1","a1"
675,610,4,3,823.15,"bd1","a1"
676,612,4,3,924.24,"bd1","a1"
628,613,4,3,994.12,"bd1","a1"
633,615,4,3,1014.52,"bd1","a1"
678,621,4,2,957.26,"rd1","a1"
681,622,4,1,1005.47,"bd1","a1"
689,629,4,3,962.59,"bd1","a1"
690,630,4,3,1007.04,"bd1","a1"
691,631,4,3,1006.02,"rd1","a1"
686,632,4,3,807.57,"rd1","a1"
1,1,6,1,964.13,"bd2","a1"
6,6,6,1,960.59,"sp3","p1"
7,8,6,1,962.39,"bd2","p2"
17,18,6,2,973.53,"rd1","a1"
19,20,6,2,1007.67,"bd1","a1"
20,21,6,2,1019.15,"bd1","a1"
21,22,6,2,1019.29,"bd1","a1"
32,24,6,3,1017.76,"rd1","a1"
24,27,6,3,1018.61,"rd2","a1"
26,29,6,3,1017.65,"rd2","a1"
29,30,6,3,1026.86,"bd1","a1"
31,32,6,3,1043.66,"rd2","a1"
40,39,6,1,984.24,"rd1","a1"
42,41,6,1,1002.9,"rd2","a1"
46,45,6,3,1004.9,"rd2","a1"
47,46,6,2,964.76,"bd2","a1"
53,51,6,2,996.9,"bd1","a1"
58,55,6,1,1020.1,"sp1","a1"
61,55,6,1,1020.1,"sp1","p1"
59,56,6,1,1021.03,"rd3","a2"
60,57,6,1,1023.05,"sp3","a1"
62,58,6,2,1026.3,"sp3","p2"
64,60,6,3,1048.55,"sp3","p2"
67,62,6,1,1058.18,"bd2","p2"
68,63,6,1,1014.77,"bd2","p1"
66,64,6,1,1013.12,"rd2","p1"
73,65,6,2,1018.2,"sp3","a2"
75,67,6,2,1058.41,"bd2","p2"
76,68,6,2,1055.69,"bd3","p2"
77,70,6,2,1027.16,"rd3","a2"
80,73,6,2,1028.44,"bd2","a2"
71,76,6,2,991.04,"rd3","p1"
87,78,6,1,824.02,"rd1","p1"
88,79,6,1,819.72,"sp2","a1"
89,80,6,1,828.25,"sp1","a1"
82,81,6,1,821.47,"sp2","a3"
84,83,6,1,827.55,"sp1","a1"
85,83,6,1,827.55,"sp1","a1"
90,86,6,2,825.38,"bd1","a1"
98,94,6,3,832.4,"bd1","a1"
100,95,6,3,825.01,"sp3","p1"
104,99,6,2,816.87,"rd3","p1"
116,110,6,2,854.54,"sp2","p1"
117,111,6,2,831.07,"sp2","p1"
122,115,6,3,1006.8,"bd2","a2"
125,116,6,3,997.95,"rd3","p1"
128,119,6,3,830.76,"sp3","p1"
132,123,6,1,1021.85,"sp1","a1"
137,125,6,1,1019.49,"sp3","a1"
138,126,6,1,1018.93,"rd3","a1"
139,132,6,2,1015.86,"rd2","a1"
144,132,6,2,1015.86,"rd2","p1"
140,133,6,2,1015.7,"bd1","a2"
141,134,6,2,1021.16,"sp1","a1"
145,135,6,2,1004.56,"rd2","p2"
154,138,6,3,1023.94,"sp2","a1"
156,139,6,3,1016.22,"bd1","a1"
147,140,6,3,1015.33,"sp2","a2"
148,141,6,3,1021.53,"bd1","a1"
149,142,6,3,1015.99,"rd2","a1"
155,143,6,3,1015.54,"rd3","p1"
150,144,6,3,1015.68,"bd1","a1"
151,145,6,3,1033.06,"rd2","a1"
152,145,6,3,1033.06,"rd2","p1"
153,146,6,3,1004.68,"bd2","p2"
157,147,6,1,999.78,"bd1","p2"
160,148,6,2,998.77,"bd1","a1"
159,150,6,2,1029.95,"bd2","a2"
161,151,6,3,1011.61,"bd3","a2"
163,152,6,1,1002.85,"rd1","a1"
164,153,6,1,1001.06,"bd3","a2"
166,155,6,1,1000.01,"rd2","a1"
168,158,6,2,994.7,"rd2","a1"
174,159,6,2,993.99,"rd3","a1"
170,161,6,2,1001.51,"rd3","a1"
172,163,6,2,1001.08,"sp1","a1"
173,164,6,2,1002.2,"sp1","a1"
178,165,6,3,985.56,"rd2","a2"
175,170,6,3,990.36,"bd2","a2"
177,172,6,3,983.13,"rd2","a1"
184,174,6,2,980.81,"rd1","a1"
185,175,6,2,983.96,"rd1","a1"
187,177,6,3,956.96,"rd2","a1"
188,179,6,1,787.14,"rd2","a1"
195,185,6,1,1076.38,"rd1","a1"
196,186,6,2,1070.72,"rd3","a1"
198,188,6,2,1101.63,"rd1","a1"
201,191,6,2,1069.72,"rd1","a1"
204,194,6,3,985.23,"rd1","a1"
206,196,6,1,1085.44,"bd1","a1"
211,198,6,1,1088.91,"sp1","a1"
212,199,6,1,1102.27,"rn1","a1"
213,200,6,1,1098.18,"rd2","a1"
216,205,6,3,1083.64,"bd1","a1"
217,206,6,3,1089.85,"rn1","a1"
218,206,6,3,1089.85,"rn2","p1"
221,208,6,3,1109.38,"rn1","a1"
222,209,6,3,1111.81,"bd1","a1"
224,211,6,3,1099.48,"rn1","a1"
225,212,6,3,1081.3,"sp2","a1"
226,213,6,3,1080.17,"rn1","a1"
228,215,6,3,1069.91,"rd2","a1"
232,219,6,1,930.14,"rd1","a1"
237,221,6,2,933.36,"bd1","a1"
235,222,6,2,928.18,"bd1","a1"
236,223,6,2,936.88,"bd2","a2"
244,224,6,3,922.54,"bd2","p1"
246,226,6,3,928.83,"bd2","a1"
240,228,6,3,931.41,"bd1","a1"
242,228,6,3,931.41,"bd1","p1"
243,229,6,3,932.96,"rd2","p1"
254,235,6,1,1026.2,"sp3","a1"
255,236,6,1,1031.52,"sp1","a1"
256,236,6,1,1031.52,"sp1","a1"
260,240,6,1,1044.85,"rn2","a1"
261,241,6,1,1052.8,"sp1","a1"
262,242,6,1,1054.35,"bd1","a1"
263,243,6,1,1052.26,"sp1","a1"
267,245,6,1,1041.4,"sp1","a1"
268,245,6,1,1041.4,"sp1","p1"
269,246,6,1,1062.16,"sp1","a1"
270,246,6,1,1062.16,"sp1","p1"
272,247,6,1,1066.17,"rn1","a1"
274,249,6,1,1067.67,"rn3","a1"
275,250,6,1,1068.97,"sp2","a1"
276,251,6,1,1079.33,"bd1","a1"
298,258,6,2,1031.71,"rn1","a1"
289,261,6,2,1036.56,"sp1","p1"
306,262,6,2,1037.12,"rn1","a1"
307,263,6,2,1047.54,"rn1","a1"
309,264,6,2,1049.85,"sp1","p1"
312,266,6,2,1042.42,"rn1","a1"
315,268,6,2,1064.13,"rn1","a1"
290,268,6,2,1064.13,"rn1","p1"
279,270,6,2,1066,"bd2","a2"
280,271,6,2,1065.64,"bd3","p3"
292,272,6,2,1065.82,"rn1","a1"
281,273,6,2,1066.87,"sp2","a1"
282,275,6,2,1080.63,"rn3","a1"
283,276,6,2,1083.13,"rn1","a1"
285,277,6,2,1083.14,"sp3","p1"
287,279,6,2,1085.4,"sp1","a1"
288,280,6,2,1088.78,"sp1","a1"
291,280,6,2,1088.78,"sp1","p1"
334,282,6,3,1031.22,"bd1","a1"
328,284,6,3,1025.7,"sp3","p1"
337,286,6,3,1034.09,"rn1","a1"
338,287,6,3,1047.21,"rn1","a1"
329,288,6,3,1048.17,"bd1","p1"
339,289,6,3,1052.97,"sp1","a1"
330,289,6,3,1052.97,"sp1","a2"
340,290,6,3,1044.79,"rn1","a1"
331,290,6,3,1044.79,"rn1","p1"
341,291,6,3,1044.21,"sp2","a1"
319,293,6,3,1065.88,"bd1","a1"
321,295,6,3,1066.55,"sp2","a1"
322,296,6,3,1068.85,"rn2","a1"
323,297,6,3,1071.42,"rn1","a1"
333,298,6,3,1080.06,"bd1","a1"
324,299,6,3,1081.93,"bd1","a1"
325,299,6,3,1081.93,"bd1","a1"
326,300,6,3,1082.53,"sp1","a1"
342,301,6,2,972.75,"bd1","a1"
343,302,6,1,888.21,"bd1","a1"
344,303,6,1,1045.32,"bd1","a1"
345,304,6,1,1036.4,"bd1","a1"
346,305,6,1,1050.15,"rd2","a2"
347,306,6,2,1050.15,"rd2","a1"
354,309,6,3,798.12,"bd1","a1"
355,310,6,3,824.41,"bd1","a1"
356,311,6,3,1042.89,"bd1","a1"
358,313,6,3,1046.13,"bd1","a1"
363,317,6,1,1070.09,"rd2","a1"
361,318,6,1,1088.46,"sp2","a1"
368,323,6,2,1017.3,"rd1","p1"
365,325,6,2,1020.8,"rd2","p1"
369,326,6,2,1026.08,"sp2","p1"
366,327,6,2,1028.42,"bd1","a1"
375,329,6,3,1027.09,"rd3","a2"
371,330,6,3,1021.19,"rd2","p1"
373,332,6,3,1023.13,"bd1","a1"
378,334,6,1,1012.24,"bd1","p1"
376,335,6,1,983.86,"bd2","a1"
377,336,6,1,1019.56,"bd1","p1"
380,338,6,3,1009.33,"sp2","a1"
382,340,6,1,1023.53,"sp2","a1"
385,343,6,2,1025.53,"bd1","a1"
387,345,6,2,1031.34,"sp3","a1"
390,347,6,3,1036.82,"bd1","p2"
394,349,6,2,970.65,"rd2","a1"
395,350,6,2,1010.77,"rd1","a1"
397,354,6,3,1010.53,"rd2","a1"
398,355,6,3,1011.91,"rd3","p1"
411,371,6,2,1018.75,"rd1","a1"
417,375,6,2,1022.13,"rd3","p2"
419,377,6,2,1021.62,"rd2","a1"
421,379,6,2,1026.31,"rd2","a1"
423,381,6,2,1024.01,"rd1","a1"
427,385,6,2,1023.36,"rd1","a1"
436,389,6,2,1025.74,"rd2","a1"
432,390,6,2,1020.17,"bd1","a1"
441,393,6,3,1017,"rd1","a1"
438,395,6,3,1024.24,"rd2","a1"
440,397,6,3,1026.22,"rd2","a1"
443,399,6,2,1007.21,"bd1","a1"
446,402,6,2,963.87,"sp2","a1"
453,411,6,1,1015.73,"bd1","a1"
461,414,6,2,996.81,"rd1","a1"
465,418,6,3,1007.44,"bd1","a1"
462,419,6,3,997.48,"rd1","a1"
463,420,6,3,1008.34,"rd1","a1"
464,421,6,3,1007.77,"bd1","a1"
470,426,6,2,986.2,"bd1","a1"
476,433,6,1,1001.9,"rd1","a1"
479,435,6,3,1014.2,"rd1","a1"
480,436,6,3,994.9,"sp3","a2"
485,439,6,2,971.22,"rd1","a1"
483,440,6,2,922.71,"bd1","a2"
484,441,6,2,NA,"rd2","a1"
488,444,6,1,978.75,"rd2","a1"
491,448,6,2,999.53,"rd1","a1"
495,452,6,3,1035.52,"rd2","a1"
496,453,6,3,990,"rd1","a1"
507,457,6,1,1048.67,"sp2","a1"
508,460,6,1,1099.43,"sp2","a1"
503,461,6,1,1085.35,"sp3","a1"
504,462,6,1,1067.58,"bd1","a1"
505,462,6,1,1067.58,"bd1","a1"
506,463,6,1,1060.52,"rn3","a1"
509,464,6,2,1088.78,"rn1","a1"
510,465,6,2,1102.32,"bd1","a1"
511,466,6,2,1108.99,"rd3","a1"
512,467,6,2,1076.34,"rn1","a1"
513,468,6,2,1067.33,"sp2","a1"
515,470,6,2,1044.56,"bd1","a1"
521,475,6,3,1074.68,"rn3","a1"
522,476,6,3,1076.39,"sp2","a1"
523,477,6,3,1071.94,"sp1","a1"
524,478,6,3,1071.62,"rn2","a1"
550,479,6,1,976.2,"bd1","a1"
542,481,6,1,977.89,"sp2","a1"
558,484,6,1,974.91,"bd1","a1"
526,486,6,1,1005.82,"rd1","a1"
530,487,6,1,1002.53,"rd2","a1"
531,488,6,1,1002.46,"rd1","a1"
532,489,6,1,1003.31,"rd2","a1"
535,491,6,1,1002.97,"rd1","a1"
538,494,6,1,1012.43,"rd1","a1"
539,495,6,1,1007.76,"sp2","a1"
540,496,6,1,1005.12,"rd1","a1"
543,498,6,1,985.44,"rd1","a1"
547,502,6,1,821.34,"bd1","a1"
548,503,6,1,830.47,"bd1","a1"
552,505,6,1,845.87,"bd1","a1"
553,506,6,1,852.08,"bd1","a1"
556,509,6,1,798.58,"bd1","a1"
557,510,6,1,991.8,"bd1","a1"
559,511,6,1,1002.21,"rd1","a1"
562,514,6,1,1007.01,"bd1","a1"
566,518,6,1,1018.75,"rd2","a1"
583,520,6,2,978.63,"rd1","a1"
584,525,6,2,1000.64,"rd1","a1"
585,525,6,2,1000.64,"rd1","a1"
587,526,6,2,1003,"rd1","a1"
588,527,6,2,1001.61,"rd1","a1"
589,528,6,2,1008.25,"rd1","a1"
590,529,6,2,1009.87,"rd1","a1"
592,531,6,2,1010.95,"rd2","a1"
576,532,6,2,1015.5,"rd3","a2"
593,533,6,2,1010.38,"rd1","a1"
595,535,6,2,1006.58,"rd1","a1"
596,536,6,2,1005.91,"bd1","a1"
597,537,6,2,996.8,"bd1","a1"
598,538,6,2,998.59,"bd1","a1"
602,541,6,2,992.65,"bd1","a1"
603,543,6,2,990.62,"bd1","a1"
606,545,6,2,986.16,"bd1","a1"
609,548,6,2,1010.83,"bd1","a1"
610,549,6,2,1008.74,"bd3","a2"
611,550,6,2,1020.67,"bd1","a1"
613,552,6,2,1016.78,"rd3","a1"
614,553,6,2,1017.13,"rd1","a1"
615,555,6,2,923.38,"bd1","a1"
616,556,6,2,913.85,"rd1","a1"
618,557,6,2,825.01,"bd2","a2"
581,558,6,2,825.19,"bd3","a2"
622,562,6,2,929.34,"bd1","a1"
623,563,6,2,841.81,"bd2","a1"
578,564,6,2,982.05,"bd1","a1"
580,572,6,2,1015.17,"sp2","a1"
649,574,6,3,978.88,"bd1","a1"
627,575,6,3,976.23,"bd2","a2"
632,577,6,3,974.42,"bd1","a1"
643,578,6,3,975.42,"rd1","a1"
645,580,6,3,980.65,"rd1","a1"
647,581,6,3,1002.73,"rd2","a1"
648,582,6,3,1005.52,"rd1","a1"
639,583,6,3,1009.84,"rd2","a1"
654,588,6,3,1008.61,"rd1","a1"
655,589,6,3,1005.96,"rd2","a1"
656,590,6,3,999.34,"bd1","a1"
659,593,6,3,994.14,"bd1","a1"
662,596,6,3,985.4,"bd1","a1"
663,597,6,3,984.39,"bd1","a1"
665,598,6,3,1019.39,"bd1","a1"
666,600,6,3,1018.44,"bd1","a2"
668,602,6,3,1018.61,"bd1","a1"
671,606,6,3,920.32,"rd2","a1"
628,613,6,3,994.12,"bd1","a1"
634,616,6,3,1017.09,"bd1","a1"
635,617,6,3,1018.25,"rd2","a1"
636,618,6,3,1018.85,"sp2","a1"
637,619,6,3,1019.05,"rd1","a1"
677,620,6,1,981.72,"sp3","a1"
678,621,6,2,957.26,"rd2","a1"
679,623,6,1,1004.94,"rd2","a1"
680,623,6,1,1004.94,"rd2","a1"
684,625,6,2,998.46,"bd1","a1"
692,628,6,3,954.87,"rd2","a1"
691,631,6,3,1006.02,"rd2","a1"
687,633,6,3,1001.87,"bd1","a1"
